,Distribution,Beta,N,topk,sigma,B_hat,Bh_L,Bh_H,R2
0,Normal,0.8333333333333334,10,0.5,0.05,0.5886607030394089,-0.725289958869457,1.9026113649482748,0.4039100660874253
1,Normal,0.8333333333333334,10,0.5,0.05,1.1156170097646623,-0.5132535516307679,2.7444875711600925,0.6129500237136073
2,Normal,0.8333333333333334,10,0.5,0.05,0.44108396773358294,-0.6825711344590795,1.5647390699262453,0.3421954740888914
3,Normal,0.8333333333333334,10,0.5,0.05,0.5467863108198685,-0.38282810763267583,1.4764007292724128,0.538738313183283
4,Normal,0.8333333333333334,10,0.5,0.05,0.36693847594975004,0.20457346713964472,0.5293034847598553,0.9451832269122922
5,Normal,0.8333333333333334,10,0.5,0.05,0.8510590462851795,0.35183767678501826,1.3502804157853407,0.9075056176009576
6,Normal,0.8333333333333334,10,0.5,0.05,0.5620797995115545,-0.23305912861762512,1.3572187276407341,0.6278354536694638
7,Normal,0.8333333333333334,10,0.5,0.05,0.9730687030330252,-0.6158642202243549,2.5620016262904053,0.5587181964814136
8,Normal,0.8333333333333334,10,0.5,0.05,1.2121205969133726,-0.23190259094648047,2.6561437847732257,0.7040303693453842
9,Normal,0.8333333333333334,10,0.5,0.05,1.0615221401130555,-0.8999665175946581,3.0230107978207688,0.4971721252736764
10,Normal,0.8333333333333334,10,0.5,0.05,0.5793796039640711,-0.14011906092203896,1.298878268850181,0.6864327683203577
11,Normal,0.8333333333333334,10,0.5,0.05,0.4202561779160945,0.11130065847174253,0.7292116973604464,0.8620024739306812
12,Normal,0.8333333333333334,10,0.5,0.05,0.08570365332024821,-0.5417248148589808,0.7131321214994772,0.0592573183573164
13,Normal,0.8333333333333334,10,0.5,0.05,0.5197662453294534,-0.4028271340248293,1.442359624683736,0.5172604498988869
14,Normal,0.8333333333333334,10,0.5,0.05,0.5783817542766627,-2.0394560125546985,3.196219521108024,0.14147999761635488
15,Normal,0.8333333333333334,10,0.5,0.05,0.3854861033649186,-0.3706808655382581,1.1416530722680953,0.4673400537079565
16,Normal,0.8333333333333334,10,0.5,0.05,0.4758247095921746,-1.5230760437190065,2.474725462903356,0.16058009097438042
17,Normal,0.8333333333333334,10,0.5,0.05,0.6330551916224536,0.00711247964378614,1.258997903601121,0.7754396351705958
18,Normal,0.8333333333333334,10,0.5,0.05,0.545176174548196,-0.3030505626379013,1.3934029117342934,0.5823943208444593
19,Normal,0.8333333333333334,10,0.5,0.05,0.6596486556036893,-1.0256366835065633,2.344933994713942,0.3409019159904868
20,Normal,0.8333333333333334,10,0.5,0.05,0.27423798674494293,-0.0821253053134961,0.6306012788033819,0.666584903951776
21,Normal,0.8333333333333334,10,0.5,0.05,0.9393434977344484,0.03166893383980862,1.847018061629088,0.7833469899010548
22,Normal,0.8333333333333334,10,0.5,0.05,0.23959449976052127,-0.5872489878013911,1.0664379873224337,0.22086254221019508
23,Normal,0.8333333333333334,10,0.5,0.05,1.3356001461548246,0.40306296667465347,2.2681373256349957,0.8738174768653801
24,Normal,0.8333333333333334,10,0.5,0.05,0.3809869526807148,-0.4570608872997818,1.2190347926612115,0.41097601606856193
25,Normal,0.8333333333333334,10,0.5,0.05,0.43756625956985573,-1.0203000326480787,1.8954325517877901,0.23320277389120847
26,Normal,0.8333333333333334,10,0.5,0.05,1.4326648260320631,0.25213630926763986,2.613193342796486,0.832553843706153
27,Normal,0.8333333333333334,10,0.5,0.05,0.7190055287073278,0.3176027100541936,1.120408347360462,0.9154827021406872
28,Normal,0.8333333333333334,10,0.5,0.05,0.360612734081613,-1.9824580757883559,2.703683543951582,0.07404600229760605
29,Normal,0.8333333333333334,10,0.5,0.05,0.9396104717062066,0.16805961215310172,1.7111613312593115,0.8335243245752066
30,Normal,0.8333333333333334,10,0.5,0.05,1.0715464967039736,-0.7778527374951005,2.920945730903048,0.5312522634080368
31,Normal,0.8333333333333334,10,0.5,0.05,-0.0018463800279135967,-3.8105486113480045,3.8068558512921773,7.933936491122395e-07
32,Normal,0.8333333333333334,10,0.5,0.05,1.1071466884799577,-0.5110546188796163,2.725347995839532,0.6124517777014138
33,Normal,0.8333333333333334,10,0.5,0.05,2.067460623887712,0.6325584519827987,3.502362795792625,0.8751341171353099
34,Normal,0.8333333333333334,10,0.5,0.05,0.5453538370474575,-0.15331776845514256,1.2440254425500576,0.6728703457485674
35,Normal,0.8333333333333334,10,0.5,0.05,0.5042765979699197,-0.14292551535502107,1.1514787112948606,0.6720828538615246
36,Normal,0.8333333333333334,10,0.5,0.05,0.6718354898194434,-3.345140562788112,4.688811542426999,0.08628568338389042
37,Normal,0.8333333333333334,10,0.5,0.05,-0.36824943472572613,-1.2727352901679476,0.5362364207164954,0.35881197897030515
38,Normal,0.8333333333333334,10,0.5,0.05,1.2085859072387208,-0.2611170648967778,2.6782888793742194,0.69539611498445
39,Normal,0.8333333333333334,10,0.5,0.05,0.9236748920822571,0.12960668769158412,1.71774309647293,0.8204014451378574
40,Normal,0.8333333333333334,10,0.5,0.05,0.2512043994636599,-0.26032609192704237,0.7627348908543622,0.44878217433977863
41,Normal,0.8333333333333334,10,0.5,0.05,-0.16572706235007217,-2.72075154087367,2.389297416173526,0.014004658145962745
42,Normal,0.8333333333333334,10,0.5,0.05,0.5543454728936013,-1.0781856778697982,2.1868766236570005,0.2801919579847625
43,Normal,0.8333333333333334,10,0.5,0.05,0.8842863106954351,-0.24616933631073934,2.0147419577016095,0.673816505366253
44,Normal,0.8333333333333334,10,0.5,0.05,0.4815775986078954,0.08882846959966384,0.874326727616127,0.8354121475806635
45,Normal,0.8333333333333334,10,0.5,0.05,0.4518368408968172,0.14738529475897794,0.7562883870346564,0.8814576272966641
46,Normal,0.8333333333333334,10,0.5,0.05,0.9993115159225141,-0.9310129114578385,2.9296359433028667,0.47500446746288116
47,Normal,0.8333333333333334,10,0.5,0.05,0.582078887622643,-1.1203583141562112,2.2845160894014973,0.2829790354688122
48,Normal,0.8333333333333334,10,0.5,0.05,0.6472893734754948,-0.35590743634056077,1.6504861832915503,0.5842830664895035
49,Normal,0.8333333333333334,10,0.5,0.05,0.5367038232601775,0.07739743220887013,0.9960102143114848,0.8217348699775937
50,Normal,0.8333333333333334,100,0.5,0.05,0.43631000554268873,0.2698404384986023,0.6027795725867752,0.38243320151563265
51,Normal,0.8333333333333334,100,0.5,0.05,0.3543760980507571,0.19061265082393514,0.518139545277579,0.2968292536506726
52,Normal,0.8333333333333334,100,0.5,0.05,0.3964735887419,0.16766484161632877,0.6252823358674712,0.2130113525871834
53,Normal,0.8333333333333334,100,0.5,0.05,0.7160808980158953,0.5470361571229758,0.8851256389088147,0.6179710493403798
54,Normal,0.8333333333333334,100,0.5,0.05,0.5343448698548698,0.34768348478747096,0.7210062549222687,0.4248673444513411
55,Normal,0.8333333333333334,100,0.5,0.05,0.6280665859676784,0.4336450505444789,0.8224881213908779,0.4847349483509197
56,Normal,0.8333333333333334,100,0.5,0.05,0.4735678537710548,0.2639594082624974,0.6831762992796122,0.3202814830708576
57,Normal,0.8333333333333334,100,0.5,0.05,0.4345631891331543,0.2669574038202547,0.6021689744460539,0.37733837018815886
58,Normal,0.8333333333333334,100,0.5,0.05,0.5738071187647904,0.3734281708520591,0.7741860666775218,0.43084106629987695
59,Normal,0.8333333333333334,100,0.5,0.05,0.4173157741465392,0.26105203048008707,0.5735795178129913,0.3913315967880582
60,Normal,0.8333333333333334,100,0.5,0.05,0.4114526207608975,0.23953377667053863,0.5833714648512563,0.3405214014478617
61,Normal,0.8333333333333334,100,0.5,0.05,0.584183489142188,0.40819894605282425,0.7601680322315517,0.5042627657285346
62,Normal,0.8333333333333334,100,0.5,0.05,0.6560217346122883,0.4985749088909946,0.8134685603335821,0.6101393555909178
63,Normal,0.8333333333333334,100,0.5,0.05,0.4518355007472934,0.28655733644860715,0.6171136650459796,0.40252922185145124
64,Normal,0.8333333333333334,100,0.5,0.05,0.7137379368459609,0.5505259631383412,0.8769499105535805,0.6383813573675787
65,Normal,0.8333333333333334,100,0.5,0.05,0.6460464916102793,0.4572610457870574,0.8348319374335011,0.5194736871586951
66,Normal,0.8333333333333334,100,0.5,0.05,0.4963694187702261,0.33657686729043285,0.6561619702500194,0.4651998099999185
67,Normal,0.8333333333333334,100,0.5,0.05,0.5140456658841632,0.356768963760255,0.6713223680080714,0.4905752658613294
68,Normal,0.8333333333333334,100,0.5,0.05,0.5835916022017145,0.41683509102637145,0.7503481133770575,0.5306482656699478
69,Normal,0.8333333333333334,100,0.5,0.05,0.6569423682993492,0.4779359179424763,0.8359488186562221,0.5542264984423139
70,Normal,0.8333333333333334,100,0.5,0.05,0.6308730294019016,0.4171108620644016,0.8446351967394016,0.4456888128027118
71,Normal,0.8333333333333334,100,0.5,0.05,0.48135289264346337,0.32681046073129383,0.6358953245556329,0.4665375176200315
72,Normal,0.8333333333333334,100,0.5,0.05,0.5489201794907275,0.35870265897230147,0.7391377000091535,0.43462223489520535
73,Normal,0.8333333333333334,100,0.5,0.05,0.6719469211642703,0.5033680027479235,0.8405258395806172,0.5945878474607931
74,Normal,0.8333333333333334,100,0.5,0.05,0.6430076381611296,0.4689101263036224,0.8171051500186368,0.5573701399786415
75,Normal,0.8333333333333334,100,0.5,0.05,0.45552110608087304,0.27887020340386515,0.6321720087578809,0.3747760866009314
76,Normal,0.8333333333333334,100,0.5,0.05,0.6364605966617596,0.43752609985396396,0.8353950934695552,0.48583063473066435
77,Normal,0.8333333333333334,100,0.5,0.05,0.48514282632563344,0.2511291076127041,0.7191565450385627,0.27924956715008786
78,Normal,0.8333333333333334,100,0.5,0.05,0.6183774668777549,0.45235661435574115,0.7843983193997686,0.5556823500996602
79,Normal,0.8333333333333334,100,0.5,0.05,0.5375767802015079,0.36223190449343595,0.7129216559095799,0.458674351817676
80,Normal,0.8333333333333334,100,0.5,0.05,0.5135356492199659,0.34347131471568354,0.6835999837242481,0.4570309646383074
81,Normal,0.8333333333333334,100,0.5,0.05,0.7631224816747348,0.568879164814708,0.9573657985347617,0.5818322928879212
82,Normal,0.8333333333333334,100,0.5,0.05,0.45144658938362703,0.27699164827980804,0.625901530487446,0.37642902380994114
83,Normal,0.8333333333333334,100,0.5,0.05,0.4122116890778882,0.2009197899824853,0.6235035881732911,0.25999518871208527
84,Normal,0.8333333333333334,100,0.5,0.05,0.6567391672682734,0.44382754610249925,0.8696507884340476,0.4676037270717778
85,Normal,0.8333333333333334,100,0.5,0.05,0.46884952625021725,0.301508394069419,0.6361906584310155,0.4201661031264897
86,Normal,0.8333333333333334,100,0.5,0.05,0.5900437648499572,0.3942794476529421,0.7858080820469724,0.45610926773632476
87,Normal,0.8333333333333334,100,0.5,0.05,0.6069925630847579,0.483847141011549,0.7301379851579668,0.6865387539846859
88,Normal,0.8333333333333334,100,0.5,0.05,0.6251228114073015,0.4733161625702265,0.7769294602443766,0.6045276872311012
89,Normal,0.8333333333333334,100,0.5,0.05,0.6181875824566809,0.4844471157827376,0.7519280491306243,0.6582414770709248
90,Normal,0.8333333333333334,100,0.5,0.05,0.6313062831563214,0.4588650113778882,0.8037475549347546,0.5530205109214215
91,Normal,0.8333333333333334,100,0.5,0.05,0.6104210550854793,0.36829146873596297,0.8525506414349956,0.3642505884064635
92,Normal,0.8333333333333334,100,0.5,0.05,0.5126408473969777,0.3441997247924493,0.681081970001506,0.4550378404975508
93,Normal,0.8333333333333334,100,0.5,0.05,0.5092774667924158,0.3424794046570342,0.6760755289277974,0.4566352228708265
94,Normal,0.8333333333333334,100,0.5,0.05,0.6121387094727355,0.43069144427365597,0.793585974671815,0.5123478005407893
95,Normal,0.8333333333333334,100,0.5,0.05,0.5677088116997915,0.33275826281585086,0.8026593605837321,0.3448291199245612
96,Normal,0.8333333333333334,100,0.5,0.05,0.627804616583667,0.4343472946199963,0.8212619385473378,0.48701039816045766
97,Normal,0.8333333333333334,100,0.5,0.05,0.43907294373768213,0.2893361513710506,0.5888097361043136,0.4366568763077502
98,Normal,0.8333333333333334,100,0.5,0.05,0.6175358174218442,0.4505884245401891,0.7844832103034992,0.5581186577642685
99,Normal,0.8333333333333334,100,0.5,0.05,0.45452842091368595,0.3152546872293118,0.5938021545980601,0.48983241256345345
100,Normal,0.8333333333333334,1000,0.5,0.05,0.5284545712501147,0.47306318251465224,0.5838459599855773,0.4342186705719171
101,Normal,0.8333333333333334,1000,0.5,0.05,0.5384505631020158,0.48336438775699264,0.5935367384470389,0.4445553642755383
102,Normal,0.8333333333333334,1000,0.5,0.05,0.43368381515931165,0.3823683069718658,0.4849993233467575,0.3753642175584857
103,Normal,0.8333333333333334,1000,0.5,0.05,0.5679937493206766,0.5110654628527334,0.6249220357886198,0.4557954052985064
104,Normal,0.8333333333333334,1000,0.5,0.05,0.538945064989762,0.4822820788903216,0.5956080510892025,0.43111504520813304
105,Normal,0.8333333333333334,1000,0.5,0.05,0.5458741582175186,0.48773717595585386,0.6040111404791834,0.425329618341318
106,Normal,0.8333333333333334,1000,0.5,0.05,0.5574808160839839,0.5006691467538738,0.6142924854140941,0.448099586592835
107,Normal,0.8333333333333334,1000,0.5,0.05,0.5135700920756934,0.4571513240542623,0.5699888600971245,0.4097210046950167
108,Normal,0.8333333333333334,1000,0.5,0.05,0.529958179519729,0.47308553041939205,0.586830828620066,0.42215081826216283
109,Normal,0.8333333333333334,1000,0.5,0.05,0.5614556183334991,0.5065625266076224,0.6163487100593759,0.4681365073497705
110,Normal,0.8333333333333334,1000,0.5,0.05,0.5546405238130894,0.498517875191302,0.6107631724348768,0.4510681467661297
111,Normal,0.8333333333333334,1000,0.5,0.05,0.5754923461016035,0.5135881188185129,0.6373965733846941,0.4204734279051088
112,Normal,0.8333333333333334,1000,0.5,0.05,0.5577016680053912,0.5058797125799378,0.6095236234308447,0.4940742090583208
113,Normal,0.8333333333333334,1000,0.5,0.05,0.5240909504055073,0.4679289711293894,0.5802529296816253,0.42232050900219076
114,Normal,0.8333333333333334,1000,0.5,0.05,0.5152886243389461,0.4571723235773614,0.5734049251005308,0.39810783464472177
115,Normal,0.8333333333333334,1000,0.5,0.05,0.5381210074568106,0.4832294895115505,0.5930125254020706,0.44600168709276866
116,Normal,0.8333333333333334,1000,0.5,0.05,0.5425738351786222,0.4845293062639957,0.6006183640932488,0.42421416109876353
117,Normal,0.8333333333333334,1000,0.5,0.05,0.5157611223360257,0.45936615068187314,0.5721560939901782,0.4130454052223703
118,Normal,0.8333333333333334,1000,0.5,0.05,0.5195884056087801,0.46288206530205533,0.5762947459155048,0.4134301309578211
119,Normal,0.8333333333333334,1000,0.5,0.05,0.5027736033847057,0.4439563070378991,0.5615908997315122,0.3802005385953894
120,Normal,0.8333333333333334,1000,0.5,0.05,0.5721788983135567,0.5219882493413877,0.6223695472857258,0.5212266816036046
121,Normal,0.8333333333333334,1000,0.5,0.05,0.5017693997074084,0.44768332400442973,0.5558554754103872,0.4194632011470578
122,Normal,0.8333333333333334,1000,0.5,0.05,0.5014662007369524,0.4442203180558012,0.5587120834181035,0.39128185891874123
123,Normal,0.8333333333333334,1000,0.5,0.05,0.4850369076225016,0.429233972749498,0.5408398424955053,0.3875811728293159
124,Normal,0.8333333333333334,1000,0.5,0.05,0.5010746521473952,0.4442876001532414,0.557861704141549,0.395270325796245
125,Normal,0.8333333333333334,1000,0.5,0.05,0.5563900002309126,0.5024419775166153,0.6103380229452098,0.47227335299583717
126,Normal,0.8333333333333334,1000,0.5,0.05,0.5055073299721982,0.45114974484070597,0.5598649151036903,0.42010767383630143
127,Normal,0.8333333333333334,1000,0.5,0.05,0.5389701745828208,0.48701516317362076,0.5909251859920208,0.4746365299345182
128,Normal,0.8333333333333334,1000,0.5,0.05,0.5897758540515303,0.5363050760741291,0.6432466320289315,0.5058240219648109
129,Normal,0.8333333333333334,1000,0.5,0.05,0.5087536557828134,0.4499926783150447,0.5675146332505822,0.3862427877583806
130,Normal,0.8333333333333334,1000,0.5,0.05,0.50922072409769,0.45833621357891724,0.5601052346164628,0.457286518194162
131,Normal,0.8333333333333334,1000,0.5,0.05,0.5313891317141453,0.4734600126495023,0.5893182507787882,0.4134456319689488
132,Normal,0.8333333333333334,1000,0.5,0.05,0.48684408923774125,0.4322265063769289,0.5414616720985537,0.4001286687345995
133,Normal,0.8333333333333334,1000,0.5,0.05,0.5053497757188965,0.4475015767304693,0.5631979747073237,0.3899717047120205
134,Normal,0.8333333333333334,1000,0.5,0.05,0.4842560021352338,0.4287328242353569,0.5397791800351106,0.3902429543932645
135,Normal,0.8333333333333334,1000,0.5,0.05,0.5213735573867241,0.46338809639402956,0.5793590183794186,0.4048327557284782
136,Normal,0.8333333333333334,1000,0.5,0.05,0.5424847565693317,0.48383580393496856,0.6011337092036949,0.41801566868268214
137,Normal,0.8333333333333334,1000,0.5,0.05,0.5551110709913054,0.5023452769153146,0.6078768650672962,0.4816345193293722
138,Normal,0.8333333333333334,1000,0.5,0.05,0.5890660459557702,0.532133834573788,0.6459982573377523,0.47442963802998195
139,Normal,0.8333333333333334,1000,0.5,0.05,0.5492571249244467,0.4873964425013205,0.6111178073475728,0.3982549724611898
140,Normal,0.8333333333333334,1000,0.5,0.05,0.5322370999743309,0.4744654777657411,0.5900087221829207,0.4160712642123302
141,Normal,0.8333333333333334,1000,0.5,0.05,0.47084570194977027,0.412278977681286,0.5294124262182545,0.3517450036215153
142,Normal,0.8333333333333334,1000,0.5,0.05,0.5219082038325458,0.4667841686944815,0.5770322389706101,0.42940151427581796
143,Normal,0.8333333333333334,1000,0.5,0.05,0.541407270573629,0.48718261481837083,0.5956319263288872,0.4556089508271416
144,Normal,0.8333333333333334,1000,0.5,0.05,0.567066078959054,0.5136796974450027,0.6204524604731053,0.4858917859721261
145,Normal,0.8333333333333334,1000,0.5,0.05,0.49004084606738596,0.43425299703228987,0.545828695102482,0.3925936679216637
146,Normal,0.8333333333333334,1000,0.5,0.05,0.5289885310532385,0.47443560921362476,0.5835414528928522,0.44007062542116826
147,Normal,0.8333333333333334,1000,0.5,0.05,0.5219128836091477,0.4693316543422759,0.5744941128760195,0.45214563310729605
148,Normal,0.8333333333333334,1000,0.5,0.05,0.553023804899829,0.49848451141732886,0.6075630983823292,0.4638237935977114
149,Normal,0.8333333333333334,1000,0.5,0.05,0.5576509892333936,0.4989302606783236,0.6163717177884637,0.43142578234624185
150,Normal,0.8333333333333334,10000,0.5,0.05,0.5237419555503353,0.5057844382967557,0.541699472803915,0.41477114469287923
151,Normal,0.8333333333333334,10000,0.5,0.05,0.5195542698847169,0.5023126374124245,0.5367959023570092,0.4309728703544258
152,Normal,0.8333333333333334,10000,0.5,0.05,0.5436556633291105,0.5263231733202244,0.5609881533379967,0.4503581445350836
153,Normal,0.8333333333333334,10000,0.5,0.05,0.5451522866775397,0.5271742317919565,0.5631303415631228,0.4339969321317916
154,Normal,0.8333333333333334,10000,0.5,0.05,0.5329084014856896,0.5153692484372222,0.5504475545341571,0.43482001989313235
155,Normal,0.8333333333333334,10000,0.5,0.05,0.5394256730600122,0.521754322241194,0.5570970238788304,0.43737216364275966
156,Normal,0.8333333333333334,10000,0.5,0.05,0.5336146500360017,0.5162329888817074,0.550996311190296,0.4398575633308772
157,Normal,0.8333333333333334,10000,0.5,0.05,0.5277868334513072,0.5104838071146698,0.5450898597879446,0.4364698010620718
158,Normal,0.8333333333333334,10000,0.5,0.05,0.535077972848802,0.5175575537538845,0.5525983919437195,0.4375041007362369
159,Normal,0.8333333333333334,10000,0.5,0.05,0.5322382706835614,0.5147508120444477,0.5497257293226752,0.43554588468398603
160,Normal,0.8333333333333334,10000,0.5,0.05,0.5164207230912982,0.4988680022875281,0.5339734438950683,0.4188535419619932
161,Normal,0.8333333333333334,10000,0.5,0.05,0.5356381844461917,0.518413817791515,0.5528625511008685,0.4461045433079195
162,Normal,0.8333333333333334,10000,0.5,0.05,0.5058743275901889,0.48857963134152893,0.5231690238388489,0.41586282682497966
163,Normal,0.8333333333333334,10000,0.5,0.05,0.5365085588823848,0.5194159658396972,0.5536011519250724,0.45086777589662996
164,Normal,0.8333333333333334,10000,0.5,0.05,0.527698357169929,0.5103632504111434,0.5450334639287145,0.4357429109017682
165,Normal,0.8333333333333334,10000,0.5,0.05,0.5365303310175412,0.5184976982157439,0.5545629638193386,0.42475304230441246
166,Normal,0.8333333333333334,10000,0.5,0.05,0.5339241014594642,0.5162792646165222,0.5515689383024063,0.43296411544977476
167,Normal,0.8333333333333334,10000,0.5,0.05,0.5297742382353863,0.512194675113949,0.5473538013568235,0.430794114034719
168,Normal,0.8333333333333334,10000,0.5,0.05,0.5356437568601484,0.5175688891394249,0.553718624580872,0.4225910045248287
169,Normal,0.8333333333333334,10000,0.5,0.05,0.5233207084309397,0.5056905328574318,0.5409508840044476,0.42354838435893327
170,Normal,0.8333333333333334,10000,0.5,0.05,0.5381800197526769,0.5207111231878141,0.5556489163175398,0.44158932357536995
171,Normal,0.8333333333333334,10000,0.5,0.05,0.5497302025578501,0.5320116613641156,0.5674487437515846,0.44512005530135723
172,Normal,0.8333333333333334,10000,0.5,0.05,0.5268003561845743,0.5094403906380517,0.544160321731097,0.43414806241648296
173,Normal,0.8333333333333334,10000,0.5,0.05,0.5249038575739732,0.5076370459795956,0.5421706691683508,0.43507316465792134
174,Normal,0.8333333333333334,10000,0.5,0.05,0.5338901249259578,0.5161869679462164,0.5515932819056991,0.43131338950567333
175,Normal,0.8333333333333334,10000,0.5,0.05,0.5158349558604116,0.4978835513692318,0.5337863603515914,0.40777967913434465
176,Normal,0.8333333333333334,10000,0.5,0.05,0.5201163733130292,0.5023040835519249,0.5379286630741335,0.4151830774166876
177,Normal,0.8333333333333334,10000,0.5,0.05,0.5177202076602657,0.49987530315034545,0.535565112170186,0.41226596396454374
178,Normal,0.8333333333333334,10000,0.5,0.05,0.5210330686331373,0.503341647232669,0.5387244900336055,0.4193505987865941
179,Normal,0.8333333333333334,10000,0.5,0.05,0.5275524146528463,0.5097708184854212,0.5453340108202714,0.42309320843943066
180,Normal,0.8333333333333334,10000,0.5,0.05,0.5246900252200013,0.5073178749281183,0.5420621755118843,0.4322054307986791
181,Normal,0.8333333333333334,10000,0.5,0.05,0.5232338950707355,0.5059229359036513,0.5405448542378196,0.4324134382907552
182,Normal,0.8333333333333334,10000,0.5,0.05,0.5304101193001127,0.51220816402755,0.5486120745726755,0.4145073854600453
183,Normal,0.8333333333333334,10000,0.5,0.05,0.5268214431264795,0.5093254706139385,0.5443174156390205,0.4303373919490998
184,Normal,0.8333333333333334,10000,0.5,0.05,0.5283960275730164,0.5108321851286344,0.5459598700173984,0.4296367906202363
185,Normal,0.8333333333333334,10000,0.5,0.05,0.5276888880123196,0.5101410268329588,0.5452367491916804,0.4296922094719141
186,Normal,0.8333333333333334,10000,0.5,0.05,0.5431660865069246,0.5258130209379674,0.5605191520758817,0.44937862795824035
187,Normal,0.8333333333333334,10000,0.5,0.05,0.513454231144441,0.49564336760266337,0.5312650946862186,0.40913266829521777
188,Normal,0.8333333333333334,10000,0.5,0.05,0.5235665527170483,0.5064199295705989,0.5407131758634978,0.4373074280809639
189,Normal,0.8333333333333334,10000,0.5,0.05,0.5208475132695847,0.5032720129352719,0.5384230136038974,0.4224873836838404
190,Normal,0.8333333333333334,10000,0.5,0.05,0.5356795095248763,0.5178709792348807,0.5534880398148719,0.43031017525723114
191,Normal,0.8333333333333334,10000,0.5,0.05,0.5315543835472374,0.5140887524279378,0.5490200146665369,0.4356877832710754
192,Normal,0.8333333333333334,10000,0.5,0.05,0.519353111958445,0.5017967916191629,0.5369094322977271,0.42177702337257006
193,Normal,0.8333333333333334,10000,0.5,0.05,0.5147993864954594,0.4968311995763804,0.5327675734145385,0.40614916069142926
194,Normal,0.8333333333333334,10000,0.5,0.05,0.5172860032571687,0.49985186592077985,0.5347201405935574,0.4231329918454514
195,Normal,0.8333333333333334,10000,0.5,0.05,0.5335586773800718,0.5160729792865021,0.5510443754736415,0.43676077268734026
196,Normal,0.8333333333333334,10000,0.5,0.05,0.543754031797183,0.5259691207250666,0.5615389428692993,0.43804613285787386
197,Normal,0.8333333333333334,10000,0.5,0.05,0.543032182916066,0.5258261246702177,0.5602382411619143,0.4534701588293544
198,Normal,0.8333333333333334,10000,0.5,0.05,0.5408284766151006,0.5227349548072365,0.5589219984229646,0.4271127675266595
199,Normal,0.8333333333333334,10000,0.5,0.05,0.5167535327495192,0.49917072583794236,0.534336339661096,0.4182808019678519
200,Normal,0.8333333333333334,100000,0.5,0.05,0.5263862276603088,0.5208182705978485,0.5319541847227692,0.426712117594523
201,Normal,0.8333333333333334,100000,0.5,0.05,0.531410068274397,0.5258377406476691,0.5369823959011248,0.43096496470928136
202,Normal,0.8333333333333334,100000,0.5,0.05,0.5275168453245049,0.5219621902323636,0.5330715004166463,0.4289441896957552
203,Normal,0.8333333333333334,100000,0.5,0.05,0.5246097326781953,0.5190687782166492,0.5301506871397414,0.42740495664030176
204,Normal,0.8333333333333334,100000,0.5,0.05,0.5317609107187451,0.5261996076419063,0.5373222137955839,0.4323083514450399
205,Normal,0.8333333333333334,100000,0.5,0.05,0.5318486793234491,0.5263320970928304,0.5373652615540679,0.4363460950865903
206,Normal,0.8333333333333334,100000,0.5,0.05,0.5277851751908393,0.5222316513661952,0.5333386990154835,0.42924534224992206
207,Normal,0.8333333333333334,100000,0.5,0.05,0.5244209704505316,0.5188548586656868,0.5299870822353764,0.4250079887670519
208,Normal,0.8333333333333334,100000,0.5,0.05,0.5298907084962252,0.5243700897870079,0.5354113272054425,0.4341413570646656
209,Normal,0.8333333333333334,100000,0.5,0.05,0.5292953009362567,0.5237604195507705,0.5348301823217428,0.4322742750682065
210,Normal,0.8333333333333334,100000,0.5,0.05,0.5277873875044072,0.5222560006385378,0.5333187743702766,0.4312746673710479
211,Normal,0.8333333333333334,100000,0.5,0.05,0.528305333408877,0.5227694521032882,0.5338412147144658,0.4313574100248263
212,Normal,0.8333333333333334,100000,0.5,0.05,0.5306702441217226,0.5251324866189486,0.5362080016244966,0.4332610051781661
213,Normal,0.8333333333333334,100000,0.5,0.05,0.5301573545287122,0.5246034067949346,0.5357113022624898,0.43151300378773105
214,Normal,0.8333333333333334,100000,0.5,0.05,0.5304953302933377,0.5249157539119901,0.5360749066746854,0.42948829836763225
215,Normal,0.8333333333333334,100000,0.5,0.05,0.5283023667513032,0.5227358869631281,0.5338688465394782,0.4286154662667623
216,Normal,0.8333333333333334,100000,0.5,0.05,0.5302073340274758,0.5246887565784065,0.535725911476545,0.43466988955886243
217,Normal,0.8333333333333334,100000,0.5,0.05,0.5312028146760106,0.5257230378971549,0.5366825914548663,0.43902704370102974
218,Normal,0.8333333333333334,100000,0.5,0.05,0.5316553891619202,0.5260507235079043,0.5372600548159362,0.4283445404865127
219,Normal,0.8333333333333334,100000,0.5,0.05,0.5305280606980176,0.5250201753027769,0.5360359460932583,0.4359419494676052
220,Normal,0.8333333333333334,100000,0.5,0.05,0.5308748863117856,0.5253575513711732,0.5363922212523979,0.435329796489483
221,Normal,0.8333333333333334,100000,0.5,0.05,0.5311130215034261,0.5255178454598535,0.5367081975469987,0.4287755105631592
222,Normal,0.8333333333333334,100000,0.5,0.05,0.5286598929403583,0.5230786121861495,0.5342411736945671,0.42764645916979827
223,Normal,0.8333333333333334,100000,0.5,0.05,0.5353460365617799,0.5298214862222878,0.5408705869012721,0.4388190690754812
224,Normal,0.8333333333333334,100000,0.5,0.05,0.5309888850351809,0.5254121111015799,0.5365656589687819,0.4301212903988615
225,Normal,0.8333333333333334,100000,0.5,0.05,0.5290386818696406,0.523473319275286,0.5346040444639953,0.42933241647962406
226,Normal,0.8333333333333334,100000,0.5,0.05,0.5295076196052619,0.5239723809390959,0.535042858271428,0.4325086148609172
227,Normal,0.8333333333333334,100000,0.5,0.05,0.5222544693155768,0.5167035563787022,0.5278053822524514,0.42436358366759397
228,Normal,0.8333333333333334,100000,0.5,0.05,0.5375088822658833,0.5319291588714047,0.543088605660362,0.4360140140930636
229,Normal,0.8333333333333334,100000,0.5,0.05,0.5264489443557894,0.5209179621477107,0.531979926563868,0.43000691615057607
230,Normal,0.8333333333333334,100000,0.5,0.05,0.5282574831061568,0.5226950671452792,0.5338198990670344,0.42902720316609966
231,Normal,0.8333333333333334,100000,0.5,0.05,0.5279775368446122,0.5224123814677917,0.5335426922214328,0.4283989241356807
232,Normal,0.8333333333333334,100000,0.5,0.05,0.532488140982462,0.5269233416733813,0.5380529402915427,0.43270797216854295
233,Normal,0.8333333333333334,100000,0.5,0.05,0.5281385090526349,0.522575484806435,0.5337015332988349,0.4287517585176237
234,Normal,0.8333333333333334,100000,0.5,0.05,0.5366061024523159,0.531045161363256,0.5421670435413758,0.43682444573759405
235,Normal,0.8333333333333334,100000,0.5,0.05,0.5310423140885483,0.5254921833379379,0.5365924448391587,0.4325731549253853
236,Normal,0.8333333333333334,100000,0.5,0.05,0.5288058090760259,0.5232804904779655,0.5343311276740863,0.4327806971568018
237,Normal,0.8333333333333334,100000,0.5,0.05,0.5286724712140396,0.5231508179898987,0.5341941244381805,0.4329507594144858
238,Normal,0.8333333333333334,100000,0.5,0.05,0.5287340547467512,0.523176914831012,0.5342911946624903,0.4298172478366974
239,Normal,0.8333333333333334,100000,0.5,0.05,0.5284313451685634,0.5228880238729944,0.5339746664641324,0.4308528405947243
240,Normal,0.8333333333333334,100000,0.5,0.05,0.5330595473309367,0.5274864280534372,0.5386326666084363,0.4325542945190586
241,Normal,0.8333333333333334,100000,0.5,0.05,0.5274771219377055,0.5219514474760272,0.5330027963993837,0.43148245028543064
242,Normal,0.8333333333333334,100000,0.5,0.05,0.5246918243185341,0.5190922918818668,0.5302913567552014,0.4223737498056267
243,Normal,0.8333333333333334,100000,0.5,0.05,0.5275179849910829,0.5219660196240012,0.5330699503581646,0.42913474979351085
244,Normal,0.8333333333333334,100000,0.5,0.05,0.5306155248455369,0.5250929456773078,0.5361381040137659,0.4346066219996111
245,Normal,0.8333333333333334,100000,0.5,0.05,0.532531905013534,0.5269636468539259,0.538100163173142,0.43239538724630433
246,Normal,0.8333333333333334,100000,0.5,0.05,0.5319271766339861,0.5264288580726166,0.5374254951953557,0.43807200064539
247,Normal,0.8333333333333334,100000,0.5,0.05,0.5303739433607415,0.5248426470766051,0.5359052396448779,0.4337091433245268
248,Normal,0.8333333333333334,100000,0.5,0.05,0.526919639120873,0.5213715952272213,0.5324676830145247,0.4289355146192908
249,Normal,0.8333333333333334,100000,0.5,0.05,0.5299003318580064,0.5243641111495178,0.5354365525664951,0.43289195722890306
250,Normal,0.8333333333333334,1000000,0.5,0.05,0.530635000913187,0.5288836856387735,0.5323863161876006,0.43323297505791003
251,Normal,0.8333333333333334,1000000,0.5,0.05,0.5321545371919392,0.5303996656179796,0.5339094087658988,0.4336639733441333
252,Normal,0.8333333333333334,1000000,0.5,0.05,0.5281313143907571,0.5263787157943676,0.5298839129871467,0.4305707437604215
253,Normal,0.8333333333333334,1000000,0.5,0.05,0.5309082447990789,0.5291548644347479,0.53266162516341,0.4329544518117382
254,Normal,0.8333333333333334,1000000,0.5,0.05,0.5287447863311705,0.526993104449987,0.530496468212354,0.43138718581942204
255,Normal,0.8333333333333334,1000000,0.5,0.05,0.5303984920295326,0.5286438313057065,0.5321531527533587,0.432114446483131
256,Normal,0.8333333333333334,1000000,0.5,0.05,0.5278551424751488,0.5261018200484302,0.5296084649018673,0.43012830968849747
257,Normal,0.8333333333333334,1000000,0.5,0.05,0.5310531027012084,0.5292987931874283,0.5328074122149885,0.43283307287887285
258,Normal,0.8333333333333334,1000000,0.5,0.05,0.5299328557535885,0.5281847231480158,0.5316809883591612,0.433503690601286
259,Normal,0.8333333333333334,1000000,0.5,0.05,0.5299702384599341,0.5282178503649508,0.5317226265549173,0.43236581213905056
260,Normal,0.8333333333333334,1000000,0.5,0.05,0.52876862266121,0.5270195172024981,0.530517728119922,0.43213633956082653
261,Normal,0.8333333333333334,1000000,0.5,0.05,0.5288126429887248,0.5270580532051945,0.530567232772255,0.43066846343077614
262,Normal,0.8333333333333334,1000000,0.5,0.05,0.5298291480579627,0.5280700906852827,0.5315882054306427,0.43038071462331096
263,Normal,0.8333333333333334,1000000,0.5,0.05,0.5292180527315686,0.5274665089282569,0.5309695965348804,0.43189142858880447
264,Normal,0.8333333333333334,1000000,0.5,0.05,0.5300218810270829,0.5282694144614136,0.5317743475927522,0.43236931529690004
265,Normal,0.8333333333333334,1000000,0.5,0.05,0.5284615415039058,0.5267082292621699,0.5302148537456417,0.4306856028833608
266,Normal,0.8333333333333334,1000000,0.5,0.05,0.5286711731770062,0.5269156616291403,0.5304266847248721,0.4302935621681466
267,Normal,0.8333333333333334,1000000,0.5,0.05,0.5289713540410812,0.5272227748981447,0.5307199331840177,0.4325035993336649
268,Normal,0.8333333333333334,1000000,0.5,0.05,0.5312657506799914,0.529512973692736,0.5330185276672468,0.43346895087932547
269,Normal,0.8333333333333334,1000000,0.5,0.05,0.528239316231355,0.5264916570015582,0.5299869754611518,0.4320709917082346
270,Normal,0.8333333333333334,1000000,0.5,0.05,0.5316792344156962,0.5299271679003428,0.5334313009310496,0.43403003820131514
271,Normal,0.8333333333333334,1000000,0.5,0.05,0.5298689388837925,0.5281211671433845,0.5316167106242005,0.43357992075309904
272,Normal,0.8333333333333334,1000000,0.5,0.05,0.5303149876038287,0.5285647358457197,0.5320652393619376,0.43327921251589596
273,Normal,0.8333333333333334,1000000,0.5,0.05,0.5287220346086094,0.5269729996644874,0.5304710695527315,0.432110754760866
274,Normal,0.8333333333333334,1000000,0.5,0.05,0.5296452600176336,0.5278950469566867,0.5313954730785805,0.4326653234844471
275,Normal,0.8333333333333334,1000000,0.5,0.05,0.5291629517166498,0.5274114536631442,0.5309144497701554,0.43185846999044697
276,Normal,0.8333333333333334,1000000,0.5,0.05,0.5295941617401505,0.527844358944228,0.531343964536073,0.4327559350395356
277,Normal,0.8333333333333334,1000000,0.5,0.05,0.5291567417115361,0.5274025302936807,0.5309109531293916,0.4310773157068759
278,Normal,0.8333333333333334,1000000,0.5,0.05,0.5275006016373291,0.5257433813584342,0.5292578219162241,0.4287119192019716
279,Normal,0.8333333333333334,1000000,0.5,0.05,0.5287954277535336,0.5270421774469864,0.5305486780600808,0.43102970376337635
280,Normal,0.8333333333333334,1000000,0.5,0.05,0.5293184900003576,0.5275684677857853,0.5310685122149299,0.4323999354128468
281,Normal,0.8333333333333334,1000000,0.5,0.05,0.529638874033342,0.5278842152946573,0.5313935327720266,0.43140058618928134
282,Normal,0.8333333333333334,1000000,0.5,0.05,0.5280364284105596,0.5262840912309705,0.5297887655901488,0.43056216102232236
283,Normal,0.8333333333333334,1000000,0.5,0.05,0.5287417501917773,0.5269915628939909,0.5304919374895637,0.4318265770292533
284,Normal,0.8333333333333334,1000000,0.5,0.05,0.5293776593620505,0.5276210703288107,0.5311342483952903,0.4306406057058362
285,Normal,0.8333333333333334,1000000,0.5,0.05,0.5291264256176662,0.5273709051248716,0.5308819461104608,0.4306732616368324
286,Normal,0.8333333333333334,1000000,0.5,0.05,0.5305100801181775,0.5287604745005609,0.5322596857357941,0.4336374844018879
287,Normal,0.8333333333333334,1000000,0.5,0.05,0.528232510261101,0.5264811203369012,0.5299839001853007,0.43101420039896254
288,Normal,0.8333333333333334,1000000,0.5,0.05,0.5305312395314719,0.5287803811791802,0.5322820978837635,0.4333183086625373
289,Normal,0.8333333333333334,1000000,0.5,0.05,0.5297999954432093,0.5280479931819503,0.5315519977044684,0.43229491531430586
290,Normal,0.8333333333333334,1000000,0.5,0.05,0.5305842428880956,0.5288263656015276,0.5323421201746635,0.43137428969962477
291,Normal,0.8333333333333334,1000000,0.5,0.05,0.528686397036279,0.5269329486258605,0.5304398454466974,0.43085773421198714
292,Normal,0.8333333333333334,1000000,0.5,0.05,0.5293211053510891,0.5275684836242793,0.5310737270778989,0.4316717879293497
293,Normal,0.8333333333333334,1000000,0.5,0.05,0.5298837539937313,0.5281290334166754,0.5316384745707873,0.4316212495449586
294,Normal,0.8333333333333334,1000000,0.5,0.05,0.5290673112848969,0.5273154782445334,0.5308191443252605,0.43168019133530133
295,Normal,0.8333333333333334,1000000,0.5,0.05,0.5298140928987856,0.5280676417102279,0.5315605440873432,0.4338433861643377
296,Normal,0.8333333333333334,1000000,0.5,0.05,0.52790767207222,0.5261552798170633,0.5296600643273767,0.4304585284378226
297,Normal,0.8333333333333334,1000000,0.5,0.05,0.5284656041329372,0.5267197512988651,0.5302114569670093,0.43278672530406304
298,Normal,0.8333333333333334,1000000,0.5,0.05,0.5295959082460557,0.5278476009079527,0.5313442155841588,0.43314650190215565
299,Normal,0.8333333333333334,1000000,0.5,0.05,0.529243449030294,0.5274972488625503,0.5309896491980376,0.4333745537348386
300,Normal,0.8333333333333334,10000000,0.5,0.05,0.5294396887560247,0.5288858517762336,0.5299935257358157,0.43213456498373537
301,Normal,0.8333333333333334,10000000,0.5,0.05,0.529476056651129,0.5289223749896437,0.5300297383126142,0.43230524951903904
302,Normal,0.8333333333333334,10000000,0.5,0.05,0.5291908875195777,0.5286367396277815,0.5297450354113739,0.4316289819238328
303,Normal,0.8333333333333334,10000000,0.5,0.05,0.5292374830659616,0.5286840505278644,0.5297909156040589,0.43229860230280504
304,Normal,0.8333333333333334,10000000,0.5,0.05,0.5290782641838225,0.5285245082239989,0.5296320201436462,0.4318686263744266
305,Normal,0.8333333333333334,10000000,0.5,0.05,0.5297573495939636,0.529203328324307,0.5303113708636201,0.4322689137071407
306,Normal,0.8333333333333334,10000000,0.5,0.05,0.529878572519368,0.5293248943810899,0.5304322506576461,0.43268066528279014
307,Normal,0.8333333333333334,10000000,0.5,0.05,0.5287523941671255,0.5281984919347648,0.5293062963994862,0.4314319537816469
308,Normal,0.8333333333333334,10000000,0.5,0.05,0.5290721840508503,0.5285179196548162,0.5296264484468844,0.43141455701687303
309,Normal,0.8333333333333334,10000000,0.5,0.05,0.5291152875770999,0.5285615304676902,0.5296690446865097,0.4319006160014799
310,Normal,0.8333333333333334,10000000,0.5,0.05,0.5292255484266146,0.5286710674740059,0.5297800293792233,0.4313750487961925
311,Normal,0.8333333333333334,10000000,0.5,0.05,0.5294692608161178,0.5289152357022565,0.530023285929979,0.4320016239005262
312,Normal,0.8333333333333334,10000000,0.5,0.05,0.529459063210953,0.5289051882300964,0.5300129381918097,0.43212544712523704
313,Normal,0.8333333333333334,10000000,0.5,0.05,0.5289592176086346,0.5284049298419071,0.5295135053753621,0.43128693453138156
314,Normal,0.8333333333333334,10000000,0.5,0.05,0.529306840404919,0.5287524996837327,0.5298611811261054,0.43156019150084646
315,Normal,0.8333333333333334,10000000,0.5,0.05,0.5290598065165009,0.528505953585859,0.5296136594471428,0.43176760655655533
316,Normal,0.8333333333333334,10000000,0.5,0.05,0.5292195637772661,0.5286659922142085,0.5297731353403237,0.43216014053768437
317,Normal,0.8333333333333334,10000000,0.5,0.05,0.5288680476348695,0.528314020790883,0.529422074478856,0.4314280416589673
318,Normal,0.8333333333333334,10000000,0.5,0.05,0.5291446954618095,0.5285910325524139,0.5296983583712052,0.4320161647115184
319,Normal,0.8333333333333334,10000000,0.5,0.05,0.5301382820450664,0.5295844660536604,0.5306920980364724,0.43281040442992225
320,Normal,0.8333333333333334,10000000,0.5,0.05,0.5296820768512989,0.5291282322891666,0.5302359214134311,0.4323530324109567
321,Normal,0.8333333333333334,10000000,0.5,0.05,0.5292125389191868,0.528658711835354,0.5297663660030197,0.43194544615004105
322,Normal,0.8333333333333334,10000000,0.5,0.05,0.5289477025513554,0.5283938819600261,0.5295015231426846,0.43169509439268305
323,Normal,0.8333333333333334,10000000,0.5,0.05,0.5288696688001497,0.5283159735631884,0.5294233640371111,0.43172664921249837
324,Normal,0.8333333333333334,10000000,0.5,0.05,0.5294191657046134,0.5288648841818103,0.5299734472274166,0.4317219680595844
325,Normal,0.8333333333333334,10000000,0.5,0.05,0.5290813863615096,0.5285274206679681,0.5296353520550511,0.4316829436595697
326,Normal,0.8333333333333334,10000000,0.5,0.05,0.5298217832400809,0.5292676109874018,0.53037595549276,0.43219598468337883
327,Normal,0.8333333333333334,10000000,0.5,0.05,0.5288439536443805,0.528289815351623,0.529398091937138,0.4313118011416097
328,Normal,0.8333333333333334,10000000,0.5,0.05,0.5296686881150254,0.5291148614846869,0.530222514745364,0.4323565707433764
329,Normal,0.8333333333333334,10000000,0.5,0.05,0.5296631139564116,0.529109129619137,0.5302170982936862,0.43221181694154454
330,Normal,0.8333333333333334,10000000,0.5,0.05,0.5297907402471216,0.5292365399978971,0.5303449404963461,0.4321370070642413
331,Normal,0.8333333333333334,10000000,0.5,0.05,0.5289679914606218,0.5284140009227899,0.5295219819984537,0.43156140735596593
332,Normal,0.8333333333333334,10000000,0.5,0.05,0.5291484486065006,0.5285949154211742,0.5297019817918269,0.4321395951278364
333,Normal,0.8333333333333334,10000000,0.5,0.05,0.5291791502532766,0.5286251775824866,0.5297331229240665,0.43176891186559896
334,Normal,0.8333333333333334,10000000,0.5,0.05,0.5292556429812452,0.5287022584690095,0.5298090274934808,0.43236383946695667
335,Normal,0.8333333333333334,10000000,0.5,0.05,0.5291173122642707,0.528563323555007,0.5296713009735344,0.431697735942978
336,Normal,0.8333333333333334,10000000,0.5,0.05,0.5286909114035634,0.5281368436384964,0.5292449791686303,0.43123512934642294
337,Normal,0.8333333333333334,10000000,0.5,0.05,0.5298948547368694,0.5293405745707087,0.53044913490303,0.4321691698498217
338,Normal,0.8333333333333334,10000000,0.5,0.05,0.5294775238990441,0.5289231419521541,0.5300319058459342,0.43169455328752926
339,Normal,0.8333333333333334,10000000,0.5,0.05,0.5292337465398651,0.5286799661261155,0.5297875269536148,0.43199556335204947
340,Normal,0.8333333333333334,10000000,0.5,0.05,0.5294633182545745,0.5289092726181174,0.5300173638910316,0.4319710758798646
341,Normal,0.8333333333333334,10000000,0.5,0.05,0.5295048244489946,0.5289507093621139,0.5300589395358754,0.43194760825386247
342,Normal,0.8333333333333334,10000000,0.5,0.05,0.5286636780807186,0.5281095732376674,0.5292177829237698,0.43117900271849796
343,Normal,0.8333333333333334,10000000,0.5,0.05,0.5291457291317663,0.5285918008758175,0.5296996573877151,0.4317804543862406
344,Normal,0.8333333333333334,10000000,0.5,0.05,0.5293905766276721,0.5288365618463494,0.5299445914089947,0.4319305014931306
345,Normal,0.8333333333333334,10000000,0.5,0.05,0.5295670137071289,0.5290129872558541,0.5301210401584037,0.432091729445219
346,Normal,0.8333333333333334,10000000,0.5,0.05,0.5288111967913265,0.5282573072017758,0.5293650863808772,0.43149446565043237
347,Normal,0.8333333333333334,10000000,0.5,0.05,0.5298593914823675,0.5293054306919583,0.5304133522727766,0.4324185265209062
348,Normal,0.8333333333333334,10000000,0.5,0.05,0.5294171751525827,0.5288629996098632,0.5299713506953022,0.4318134744085049
349,Normal,0.8333333333333334,10000000,0.5,0.05,0.5293843631476562,0.5288309358948229,0.5299377904004896,0.43244785095631133
350,Normal,0.8333333333333334,100000000,0.5,0.05,0.5293638350216172,0.5291886833737315,0.5295389866695029,0.43202890502381064
351,Normal,0.8333333333333334,100000000,0.5,0.05,0.5293603873054913,0.5291851922310415,0.529535582379941,0.43190217307370615
352,Normal,0.8333333333333334,100000000,0.5,0.05,0.5295293050216037,0.5293541427581631,0.5297044672850443,0.43215348694902345
353,Normal,0.8333333333333334,100000000,0.5,0.05,0.5295805626723906,0.5294053835768721,0.5297557417679092,0.43215242289324285
354,Normal,0.8333333333333334,100000000,0.5,0.05,0.5293368631845974,0.5291617390280607,0.529511987341134,0.4320807857266511
355,Normal,0.8333333333333334,100000000,0.5,0.05,0.5292038173800959,0.5290286337180526,0.5293790010421392,0.43179036797228687
356,Normal,0.8333333333333334,100000000,0.5,0.05,0.529601138673546,0.5294259725374035,0.5297763048096884,0.4322103124915344
357,Normal,0.8333333333333334,100000000,0.5,0.05,0.5294121417672564,0.5292369527509855,0.5295873307835273,0.43196864505015964
358,Normal,0.8333333333333334,100000000,0.5,0.05,0.5293528460554464,0.5291776827922631,0.5295280093186298,0.43198508343069697
359,Normal,0.8333333333333334,100000000,0.5,0.05,0.5293089467573093,0.5291337339544897,0.529484159560129,0.4318059649911157
360,Normal,0.8333333333333334,100000000,0.5,0.05,0.5295191790336773,0.5293439837782056,0.529694374289149,0.43204893213148476
361,Normal,0.8333333333333334,100000000,0.5,0.05,0.5294811343347794,0.5293059643015899,0.5296563043679688,0.43208553732993615
362,Normal,0.8333333333333334,100000000,0.5,0.05,0.5294973574066519,0.529322204908719,0.5296725099045849,0.4321484830040988
363,Normal,0.8333333333333334,100000000,0.5,0.05,0.5294555472685438,0.5292803755396135,0.5296307189974742,0.4320571066573379
364,Normal,0.8333333333333334,100000000,0.5,0.05,0.5294856255353828,0.5293104127593072,0.5296608383114584,0.4319699228780366
365,Normal,0.8333333333333334,100000000,0.5,0.05,0.5293976004732421,0.5292224516457062,0.529572749300778,0.4320668918655419
366,Normal,0.8333333333333334,100000000,0.5,0.05,0.5293472641055823,0.5291721062917031,0.5295224219194615,0.4319935854931848
367,Normal,0.8333333333333334,100000000,0.5,0.05,0.5293496979960164,0.5291745643509146,0.5295248316411182,0.43206651528696605
368,Normal,0.8333333333333334,100000000,0.5,0.05,0.5293864348509665,0.5292112440421123,0.5295616256598207,0.43193890045273864
369,Normal,0.8333333333333334,100000000,0.5,0.05,0.5294256369229444,0.5292504626289578,0.529600811216931,0.4320246207227162
370,Normal,0.8333333333333334,100000000,0.5,0.05,0.5294059026247178,0.5292307776355505,0.529581027613885,0.43214277821925395
371,Normal,0.8333333333333334,100000000,0.5,0.05,0.529460451676786,0.5292852592951875,0.5296356440583845,0.43200387006649776
372,Normal,0.8333333333333334,100000000,0.5,0.05,0.529438343066249,0.5292631590074185,0.5296135271250796,0.43200648969283273
373,Normal,0.8333333333333334,100000000,0.5,0.05,0.5292080678369073,0.5290328768343207,0.529383258839494,0.43177196153579367
374,Normal,0.8333333333333334,100000000,0.5,0.05,0.5295597310070699,0.5293845210455221,0.5297349409686176,0.43204603394313257
375,Normal,0.8333333333333334,100000000,0.5,0.05,0.5291773455874091,0.5290021848350375,0.5293525063397808,0.4318299227268714
376,Normal,0.8333333333333334,100000000,0.5,0.05,0.529466319201835,0.5292911796845917,0.5296414587190782,0.4321583107414193
377,Normal,0.8333333333333334,100000000,0.5,0.05,0.5293333011802765,0.5291581126165643,0.5295084897439888,0.431897363950582
378,Normal,0.8333333333333334,100000000,0.5,0.05,0.5292960688245323,0.5291209258367939,0.5294712118122706,0.4319924916063762
379,Normal,0.8333333333333334,100000000,0.5,0.05,0.5293199985119887,0.5291448123793261,0.5294951846446514,0.4318903465421666
380,Normal,0.8333333333333334,100000000,0.5,0.05,0.5294164390518992,0.5292412800571868,0.5295915980466115,0.43205625081500243
381,Normal,0.8333333333333334,100000000,0.5,0.05,0.5293615929486659,0.529186372106906,0.5295368137904258,0.4318309949648622
382,Normal,0.8333333333333334,100000000,0.5,0.05,0.5294668418972774,0.5292917100071539,0.529641973787401,0.4321804247464506
383,Normal,0.8333333333333334,100000000,0.5,0.05,0.5293800661642889,0.5292049145889864,0.5295552177395914,0.43204457593658574
384,Normal,0.8333333333333334,100000000,0.5,0.05,0.5294026086801011,0.5292274127265358,0.5295778046336664,0.431940817363476
385,Normal,0.8333333333333334,100000000,0.5,0.05,0.5296347715467276,0.5294595495541546,0.5298099935393005,0.43208283213266696
386,Normal,0.8333333333333334,100000000,0.5,0.05,0.5293562039481756,0.5291810687561825,0.5295313391401687,0.43206690903238876
387,Normal,0.8333333333333334,100000000,0.5,0.05,0.5295230630061782,0.5293478769924043,0.5296982490199522,0.4320831233937985
388,Normal,0.8333333333333334,100000000,0.5,0.05,0.5293185490422205,0.5291434265513604,0.5294936715330807,0.43206605322362013
389,Normal,0.8333333333333334,100000000,0.5,0.05,0.5294143623053547,0.5292391672133197,0.5295895573973897,0.43195399268309054
390,Normal,0.8333333333333334,100000000,0.5,0.05,0.5294544442441751,0.5292793125276286,0.5296295759607216,0.4321713764567847
391,Normal,0.8333333333333334,100000000,0.5,0.05,0.5294600038134103,0.5292848517966584,0.5296351558301622,0.4321177127450787
392,Normal,0.8333333333333334,100000000,0.5,0.05,0.5295125438513173,0.5293373461366638,0.5296877415659708,0.43203779280530863
393,Normal,0.8333333333333334,100000000,0.5,0.05,0.5294058171131386,0.5292306349690657,0.5295809992572115,0.4319818098996725
394,Normal,0.8333333333333334,100000000,0.5,0.05,0.5296523185416779,0.5294770743602372,0.5298275627231187,0.43203727220212196
395,Normal,0.8333333333333334,100000000,0.5,0.05,0.5292161799745099,0.5290410430753121,0.5293913168737077,0.43193382747044096
396,Normal,0.8333333333333334,100000000,0.5,0.05,0.5295073963235284,0.5293321800411952,0.5296826126058616,0.4319786363636152
397,Normal,0.8333333333333334,100000000,0.5,0.05,0.5293694966349909,0.5291943007330611,0.5295446925369207,0.4319085603416585
398,Normal,0.8333333333333334,100000000,0.5,0.05,0.5295653135470948,0.5293901253403562,0.5297405017538334,0.432114600155462
399,Normal,0.8333333333333334,100000000,0.5,0.05,0.5292752958501001,0.5291000853212346,0.5294505063789656,0.4317776208509353
400,Normal,1.1666666666666667,10,0.5,0.05,1.7803445877104593,-1.2891132903374682,4.849802465758387,0.5317820968451341
401,Normal,1.1666666666666667,10,0.5,0.05,0.3086519220510411,-2.1361507756427414,2.7534546197448235,0.05106102614214403
402,Normal,1.1666666666666667,10,0.5,0.05,1.2461026683004093,-1.4220368865448432,3.9142422231456617,0.42408329207899875
403,Normal,1.1666666666666667,10,0.5,0.05,0.9441571324362314,-0.18650694696962478,2.074821211842088,0.7018561630159574
404,Normal,1.1666666666666667,10,0.5,0.05,0.4991478039877535,-0.6676009798887264,1.6658965878642333,0.3819074007797638
405,Normal,1.1666666666666667,10,0.5,0.05,0.8659449407508859,-0.13512622835694477,1.8670161098587166,0.7164010362833285
406,Normal,1.1666666666666667,10,0.5,0.05,0.4162481181121507,-1.1322812626288408,1.9647774988531421,0.19609673913589099
407,Normal,1.1666666666666667,10,0.5,0.05,1.2665388081885354,-0.4774847860415554,3.010562402418626,0.6403478030072821
408,Normal,1.1666666666666667,10,0.5,0.05,0.09687480609169086,-0.9316945261705976,1.1254441383539793,0.029076392699382336
409,Normal,1.1666666666666667,10,0.5,0.05,1.4728917336676233,1.1124141661655043,1.8333693011697423,0.9825668435443214
410,Normal,1.1666666666666667,10,0.5,0.05,0.6160310650209482,-0.9178075687882494,2.1498696988301456,0.3525669832860281
411,Normal,1.1666666666666667,10,0.5,0.05,0.6269789969309727,-0.0014279193378906596,1.2553859131998362,0.7706770831953145
412,Normal,1.1666666666666667,10,0.5,0.05,0.7107205558474865,0.09453548682950175,1.3269056248654714,0.8178952208581665
413,Normal,1.1666666666666667,10,0.5,0.05,1.0047551933072043,-0.9652841656963762,2.974794552310785,0.4675628393363406
414,Normal,1.1666666666666667,10,0.5,0.05,0.7031345701859806,-0.33404271605479985,1.740311856426761,0.6080846803606059
415,Normal,1.1666666666666667,10,0.5,0.05,1.0634823619759075,0.5837927527438873,1.5431719712079277,0.9431611814590097
416,Normal,1.1666666666666667,10,0.5,0.05,0.6247620512709844,-0.5063599315874534,1.7558840341294222,0.5073742503013172
417,Normal,1.1666666666666667,10,0.5,0.05,0.33242881006729874,-1.5143407333060448,2.1791983534406425,0.09860275394031748
418,Normal,1.1666666666666667,10,0.5,0.05,2.0763923570143348,-0.17451110137729842,4.327295815405968,0.7417891641467806
419,Normal,1.1666666666666667,10,0.5,0.05,0.7897017302530571,-0.0775080819990962,1.6569115425052106,0.7368066959692623
420,Normal,1.1666666666666667,10,0.5,0.05,0.8079673768042461,0.17415805917749272,1.4417766944309995,0.8458264314359005
421,Normal,1.1666666666666667,10,0.5,0.05,0.7154442959619303,0.11614068082863394,1.3147479110952265,0.827920260678296
422,Normal,1.1666666666666667,10,0.5,0.05,0.7084637171956487,-0.35847139035005293,1.7753988247413504,0.5981577462364096
423,Normal,1.1666666666666667,10,0.5,0.05,0.9182026816405084,-0.2939870901271864,2.130392453408203,0.6595202246544881
424,Normal,1.1666666666666667,10,0.5,0.05,1.470912062911637,-1.6152723115806684,4.557096437403942,0.4340324100069094
425,Normal,1.1666666666666667,10,0.5,0.05,0.5560152759761507,0.3848132652031807,0.7272172867491208,0.9726841206351904
426,Normal,1.1666666666666667,10,0.5,0.05,1.4809965840922246,-2.525396290307948,5.487389458492397,0.3156870256772576
427,Normal,1.1666666666666667,10,0.5,0.05,0.8001628993571757,0.25552056745887286,1.3448052312554784,0.8793256930607202
428,Normal,1.1666666666666667,10,0.5,0.05,1.1640891876601778,-0.629955393824158,2.9581337691445135,0.5870105583606832
429,Normal,1.1666666666666667,10,0.5,0.05,0.6231404538453482,-0.03968771767004442,1.285968625360741,0.7489838939446214
430,Normal,1.1666666666666667,10,0.5,0.05,0.8231146098770097,0.22341515444329552,1.4228140653107237,0.8641296537669755
431,Normal,1.1666666666666667,10,0.5,0.05,1.3662876582075612,0.38387793773601253,2.34869737867911,0.8671943542344172
432,Normal,1.1666666666666667,10,0.5,0.05,0.7109396880555465,0.44321020757927343,0.9786691685318196,0.9596860690703759
433,Normal,1.1666666666666667,10,0.5,0.05,0.8628312788658548,-0.19295794151839485,1.9186204992501044,0.6927566585188722
434,Normal,1.1666666666666667,10,0.5,0.05,1.1698644276090207,0.22157369601870758,2.1181551591993335,0.8370788726816802
435,Normal,1.1666666666666667,10,0.5,0.05,1.2528060023268246,0.18058915296348999,2.325022851690159,0.8217139546820296
436,Normal,1.1666666666666667,10,0.5,0.05,0.8083774855195287,0.0060336808927707875,1.6107212901462866,0.7741110687234297
437,Normal,1.1666666666666667,10,0.5,0.05,1.4571669466589583,0.7660687134470282,2.1482651798708883,0.9375335473027342
438,Normal,1.1666666666666667,10,0.5,0.05,0.727170059081848,-0.919724425019349,2.374064543183045,0.39692732299771083
439,Normal,1.1666666666666667,10,0.5,0.05,1.448009337331868,0.7219484270409227,2.1740702476228133,0.9306882739749598
440,Normal,1.1666666666666667,10,0.5,0.05,0.4974396246549211,-0.10722090982046595,1.1021001591303081,0.6955724510379959
441,Normal,1.1666666666666667,10,0.5,0.05,1.272726674495802,0.09800712438582782,2.447446224605776,0.7985010910132901
442,Normal,1.1666666666666667,10,0.5,0.05,1.1994529860071346,-1.0963398803757762,3.4952458523900454,0.47957706095311825
443,Normal,1.1666666666666667,10,0.5,0.05,1.750762850498072,0.5533764087777195,2.9481492922184245,0.878308511498484
444,Normal,1.1666666666666667,10,0.5,0.05,0.7608632085319407,-0.33615383047156966,1.857880247535451,0.6189031518773509
445,Normal,1.1666666666666667,10,0.5,0.05,1.1573673608329003,0.06516899896887152,2.249565722696929,0.7912701929549131
446,Normal,1.1666666666666667,10,0.5,0.05,0.7785835702187001,-4.54574270557061,6.10290984600801,0.06733021046414156
447,Normal,1.1666666666666667,10,0.5,0.05,0.9152792745376317,-0.9411165392194616,2.771675088294725,0.4507507645819112
448,Normal,1.1666666666666667,10,0.5,0.05,-0.04938630016067691,-0.9759170482557329,0.8771444479343791,0.009500543849677356
449,Normal,1.1666666666666667,10,0.5,0.05,0.7516737720652173,-1.275544652530734,2.7788921966611686,0.317010001081941
450,Normal,1.1666666666666667,100,0.5,0.05,0.8162160997804762,0.5739585603895366,1.0584736391714156,0.5116901462361395
451,Normal,1.1666666666666667,100,0.5,0.05,0.8277097515971708,0.6474334027215409,1.0079861004728006,0.6605523788436187
452,Normal,1.1666666666666667,100,0.5,0.05,0.8421110741010622,0.629756785523529,1.0544653626785956,0.5979736144323845
453,Normal,1.1666666666666667,100,0.5,0.05,1.017392354144019,0.8400253313903586,1.1947593768976796,0.7523094338790717
454,Normal,1.1666666666666667,100,0.5,0.05,0.8939294949673773,0.6232731704430922,1.1645858194916623,0.5017419155175624
455,Normal,1.1666666666666667,100,0.5,0.05,0.8921309797589556,0.6668426585606648,1.1174193009572464,0.5972887999911155
456,Normal,1.1666666666666667,100,0.5,0.05,0.8407868936641258,0.6450409785895694,1.0365328087386823,0.6357022341780598
457,Normal,1.1666666666666667,100,0.5,0.05,0.8065895252703879,0.6122723295452415,1.0009067209955342,0.6139767932589848
458,Normal,1.1666666666666667,100,0.5,0.05,0.8992748456979385,0.707781844587063,1.090767846808814,0.6705974472410896
459,Normal,1.1666666666666667,100,0.5,0.05,0.7856303085987832,0.6389764322078444,0.9322841849897221,0.7259629718778502
460,Normal,1.1666666666666667,100,0.5,0.05,1.0647346464972927,0.859716945378309,1.2697523476162762,0.7183893603982562
461,Normal,1.1666666666666667,100,0.5,0.05,0.9360706567782824,0.7165977067344247,1.15554360682214,0.6324265929912765
462,Normal,1.1666666666666667,100,0.5,0.05,0.8685048869180108,0.6448375404320835,1.092172233403938,0.587815926055273
463,Normal,1.1666666666666667,100,0.5,0.05,0.7019153662749238,0.5035834600205834,0.9002472725292642,0.536225263057972
464,Normal,1.1666666666666667,100,0.5,0.05,0.7907396506440212,0.5695547904697379,1.0119245108183044,0.5412444328893022
465,Normal,1.1666666666666667,100,0.5,0.05,0.913352690447427,0.6568059818474445,1.1698993990474094,0.5391785874039663
466,Normal,1.1666666666666667,100,0.5,0.05,0.8342437464083634,0.6009286334577626,1.0675588593589642,0.5413267253378136
467,Normal,1.1666666666666667,100,0.5,0.05,1.0146702323241223,0.8061444134528998,1.223196051195345,0.6913054150287588
468,Normal,1.1666666666666667,100,0.5,0.05,0.8816794867496105,0.6498477483458901,1.113511225153331,0.5717628223615169
469,Normal,1.1666666666666667,100,0.5,0.05,0.890590628929866,0.7093177272809699,1.071863530578762,0.6953982737159994
470,Normal,1.1666666666666667,100,0.5,0.05,0.8293635554547034,0.5800402864406665,1.0786868244687402,0.5053073311843714
471,Normal,1.1666666666666667,100,0.5,0.05,0.9485378068474758,0.7666752077260061,1.1304004059689456,0.7201201279285896
472,Normal,1.1666666666666667,100,0.5,0.05,0.9840593762171395,0.7566860345617042,1.2114327178725746,0.6335784414078462
473,Normal,1.1666666666666667,100,0.5,0.05,0.7860434387285915,0.48973506460442917,1.0823518128527538,0.39961725043638097
474,Normal,1.1666666666666667,100,0.5,0.05,0.8760654606898246,0.7036724418723447,1.0484584795073044,0.70951816831894
475,Normal,1.1666666666666667,100,0.5,0.05,1.067246120268429,0.8437799159026818,1.290712324634176,0.6832765235711911
476,Normal,1.1666666666666667,100,0.5,0.05,1.04688216735875,0.8484096600238714,1.2453546746936288,0.7246327499708093
477,Normal,1.1666666666666667,100,0.5,0.05,0.6551688507415339,0.5064641859300832,0.8038735155529845,0.6418206557479413
478,Normal,1.1666666666666667,100,0.5,0.05,0.9470098293226279,0.6757112494527384,1.2183084091925174,0.5354146341325633
479,Normal,1.1666666666666667,100,0.5,0.05,0.9480696389560856,0.7590537948968887,1.1370854830152826,0.6990141620681891
480,Normal,1.1666666666666667,100,0.5,0.05,0.5926304732341521,0.374390622778859,0.8108703236894452,0.40500979094181455
481,Normal,1.1666666666666667,100,0.5,0.05,0.8907951911089702,0.7207554529987095,1.060834929219231,0.7169897248005446
482,Normal,1.1666666666666667,100,0.5,0.05,0.7992013290437683,0.5700887912282434,1.028313866859293,0.5290205235083618
483,Normal,1.1666666666666667,100,0.5,0.05,0.7037189534955726,0.4965353143192036,0.9109025926719415,0.5157349502857831
484,Normal,1.1666666666666667,100,0.5,0.05,0.686055970998737,0.40955497124271995,0.9625569707547541,0.3623689606842977
485,Normal,1.1666666666666667,100,0.5,0.05,0.9425309972857141,0.7702341765160018,1.1148278180554265,0.7342149216085694
486,Normal,1.1666666666666667,100,0.5,0.05,0.9345814767406537,0.7098660746320145,1.159296878849293,0.6206352353053325
487,Normal,1.1666666666666667,100,0.5,0.05,1.1562752887856114,0.9231379600515763,1.3894126175196464,0.6942525850417329
488,Normal,1.1666666666666667,100,0.5,0.05,1.0801947386696806,0.8863171478630535,1.2740723294763077,0.7459365365287574
489,Normal,1.1666666666666667,100,0.5,0.05,0.8915374590348781,0.7127070358220708,1.0703678822476854,0.7015596976652501
490,Normal,1.1666666666666667,100,0.5,0.05,0.6842009041640837,0.4784056017298842,0.8899962065982833,0.5050380171954847
491,Normal,1.1666666666666667,100,0.5,0.05,0.9471656180810335,0.7244007862780227,1.1699304498840442,0.6309819735772749
492,Normal,1.1666666666666667,100,0.5,0.05,1.0320481792402276,0.806549836310215,1.2575465221702402,0.6645623946640968
493,Normal,1.1666666666666667,100,0.5,0.05,0.8035430324454076,0.5621545491721281,1.044931515718687,0.5056647171965813
494,Normal,1.1666666666666667,100,0.5,0.05,0.9271056984625883,0.7283634483251262,1.1258479486000503,0.6730109267443558
495,Normal,1.1666666666666667,100,0.5,0.05,0.9349140545639028,0.6447610661664069,1.2250670429613986,0.4954525546081583
496,Normal,1.1666666666666667,100,0.5,0.05,0.9236629406782892,0.6847438230080112,1.1625820583485673,0.5797769580933185
497,Normal,1.1666666666666667,100,0.5,0.05,0.8675062476289348,0.6472882118867038,1.0877242833711658,0.5947715356394446
498,Normal,1.1666666666666667,100,0.5,0.05,0.9972057976403175,0.7563998978673263,1.2380116974133086,0.6186091786680168
499,Normal,1.1666666666666667,100,0.5,0.05,0.9620805456475701,0.7034215403396842,1.220739550955456,0.5668209439467529
500,Normal,1.1666666666666667,1000,0.5,0.05,0.9119266814069263,0.8479051888589662,0.9759481739548865,0.6367758748195581
501,Normal,1.1666666666666667,1000,0.5,0.05,0.8396511231222856,0.7733616948080864,0.9059405514364849,0.5803916892025653
502,Normal,1.1666666666666667,1000,0.5,0.05,0.8734568988985272,0.8025087917943075,0.9444050060027469,0.5664764907172168
503,Normal,1.1666666666666667,1000,0.5,0.05,0.8985738836656356,0.8297426969239692,0.9674050704073021,0.5944835728763534
504,Normal,1.1666666666666667,1000,0.5,0.05,0.8302367154743251,0.7636714555608378,0.8968019753878124,0.5728590170829587
505,Normal,1.1666666666666667,1000,0.5,0.05,0.7723409330649451,0.7041114985038414,0.8405703676260489,0.5237548597329379
506,Normal,1.1666666666666667,1000,0.5,0.05,0.910687499349045,0.8393825880903419,0.9819924106077481,0.5844185104044728
507,Normal,1.1666666666666667,1000,0.5,0.05,0.8296742065693472,0.7644198802315564,0.894928532907138,0.5822339943815297
508,Normal,1.1666666666666667,1000,0.5,0.05,0.8928896248458433,0.8218983873374652,0.9638808623542214,0.5775024963212789
509,Normal,1.1666666666666667,1000,0.5,0.05,0.8392860819703265,0.773414880716827,0.905157283223826,0.5838058854670587
510,Normal,1.1666666666666667,1000,0.5,0.05,0.8371952349151432,0.7719832885728606,0.9024071812574259,0.5869324682088597
511,Normal,1.1666666666666667,1000,0.5,0.05,0.8747943863807306,0.8082696671490751,0.9413191056123861,0.5990592242009676
512,Normal,1.1666666666666667,1000,0.5,0.05,0.8588441433769285,0.7949912386497533,0.9226970481041037,0.6093260568601545
513,Normal,1.1666666666666667,1000,0.5,0.05,0.8781580506269036,0.8134175768902534,0.9428985243635537,0.6128024901003848
514,Normal,1.1666666666666667,1000,0.5,0.05,0.8359237518658031,0.7671018976243136,0.9047456061072927,0.5592847672209906
515,Normal,1.1666666666666667,1000,0.5,0.05,0.7973646197396751,0.7282870934000134,0.8664421460793368,0.5334888487260987
516,Normal,1.1666666666666667,1000,0.5,0.05,0.8080633434998168,0.7428655035311414,0.8732611834684921,0.5686681320068814
517,Normal,1.1666666666666667,1000,0.5,0.05,0.8468156378663463,0.7813620064585882,0.9122692692741043,0.5895905678063629
518,Normal,1.1666666666666667,1000,0.5,0.05,0.8836878715121264,0.8204705522290385,0.9469051907952142,0.6275032770979103
519,Normal,1.1666666666666667,1000,0.5,0.05,0.8170614667825973,0.7492080334357433,0.8849149001294513,0.555569027050804
520,Normal,1.1666666666666667,1000,0.5,0.05,0.8788313847805191,0.8165885087465615,0.9410742608144768,0.6326992323732774
521,Normal,1.1666666666666667,1000,0.5,0.05,0.851373886104958,0.7825812770465961,0.9201664951633199,0.5696017099376678
522,Normal,1.1666666666666667,1000,0.5,0.05,0.8763245155946473,0.8067747304586429,0.9458743007306517,0.5778263628383771
523,Normal,1.1666666666666667,1000,0.5,0.05,0.8660612770107212,0.802603263069189,0.9295192909522534,0.6157108195017413
524,Normal,1.1666666666666667,1000,0.5,0.05,0.860133350182805,0.7963792302471073,0.9238874701185027,0.6102432840745634
525,Normal,1.1666666666666667,1000,0.5,0.05,0.8554302265314666,0.780664501838391,0.9301959512245422,0.5313234158387282
526,Normal,1.1666666666666667,1000,0.5,0.05,0.9182336509385451,0.8467292495381732,0.9897380523389171,0.5859813038124198
527,Normal,1.1666666666666667,1000,0.5,0.05,0.8599395713327085,0.7928142496123701,0.9270648930530468,0.5859071199340525
528,Normal,1.1666666666666667,1000,0.5,0.05,0.9072760060257259,0.8387204002663602,0.9758316117850916,0.6021231008568598
529,Normal,1.1666666666666667,1000,0.5,0.05,0.8664313362210514,0.8000990876082081,0.9327635848338947,0.5936735401970561
530,Normal,1.1666666666666667,1000,0.5,0.05,0.8573869746756901,0.7957592892625504,0.9190146600888299,0.626334676290476
531,Normal,1.1666666666666667,1000,0.5,0.05,0.8700335931644543,0.8026810426582307,0.9373861436706779,0.589924079635787
532,Normal,1.1666666666666667,1000,0.5,0.05,0.7969584029031281,0.7367057913426979,0.8572110144635584,0.6007859193014505
533,Normal,1.1666666666666667,1000,0.5,0.05,0.9164840044106448,0.8486115014218808,0.9843565073994088,0.6111851516123938
534,Normal,1.1666666666666667,1000,0.5,0.05,0.8646958054575826,0.8043741234017228,0.9250174875134425,0.6391880438781941
535,Normal,1.1666666666666667,1000,0.5,0.05,0.8738285896984647,0.8093651444209675,0.9382920349759618,0.61249203469525
536,Normal,1.1666666666666667,1000,0.5,0.05,0.900245774943758,0.8367091267493919,0.9637824231381241,0.634847531024702
537,Normal,1.1666666666666667,1000,0.5,0.05,0.8904190325566308,0.8232301310724799,0.9576079340407817,0.6027853585754767
538,Normal,1.1666666666666667,1000,0.5,0.05,0.8878303778217913,0.8209136582976303,0.9547470973459523,0.6017242580420452
539,Normal,1.1666666666666667,1000,0.5,0.05,0.9045681468069935,0.8371453751279745,0.9719909184860125,0.6086558948954535
540,Normal,1.1666666666666667,1000,0.5,0.05,0.8285104546711031,0.7623176914309143,0.8947032179112918,0.5734907209736284
541,Normal,1.1666666666666667,1000,0.5,0.05,0.7912446780352957,0.7229729090362057,0.8595164470343858,0.5360497182224581
542,Normal,1.1666666666666667,1000,0.5,0.05,0.7979088212536007,0.7242977876495269,0.8715198548576746,0.5032170156118267
543,Normal,1.1666666666666667,1000,0.5,0.05,0.8776548717429968,0.8109047460554321,0.9444049974305616,0.597923923902713
544,Normal,1.1666666666666667,1000,0.5,0.05,0.8724278001907795,0.8052627702311664,0.9395928301503925,0.593142226793403
545,Normal,1.1666666666666667,1000,0.5,0.05,0.8537243789022897,0.7899356296578115,0.9175131281467679,0.6064205693422786
546,Normal,1.1666666666666667,1000,0.5,0.05,0.8388900857430781,0.7720072488270021,0.9057729226591541,0.5756018259620181
547,Normal,1.1666666666666667,1000,0.5,0.05,0.8545132409515648,0.7874611856446742,0.9215652962584554,0.5833631476038299
548,Normal,1.1666666666666667,1000,0.5,0.05,0.8975408025565499,0.8280902944117667,0.966991310701333,0.5896009812654474
549,Normal,1.1666666666666667,1000,0.5,0.05,0.8742069645403463,0.8045016604444646,0.943912268636228,0.5750069180711478
550,Normal,1.1666666666666667,10000,0.5,0.05,0.8655807171034624,0.8448562022055609,0.8863052320013639,0.5988623854226001
551,Normal,1.1666666666666667,10000,0.5,0.05,0.8673642037693028,0.8473063708241981,0.8874220367144074,0.6154403321173476
552,Normal,1.1666666666666667,10000,0.5,0.05,0.8551335337600583,0.8345067733402277,0.8757602941798889,0.5949728051512134
553,Normal,1.1666666666666667,10000,0.5,0.05,0.8358429016591038,0.8147503412564772,0.8569354620617304,0.5727679911813827
554,Normal,1.1666666666666667,10000,0.5,0.05,0.8534982110090048,0.8324585258531783,0.8745378961648314,0.5847257753247466
555,Normal,1.1666666666666667,10000,0.5,0.05,0.8670512069737609,0.8467218326991537,0.8873805812483682,0.6085126956241156
556,Normal,1.1666666666666667,10000,0.5,0.05,0.8518258990099674,0.8309741429892274,0.8726776550307074,0.58791077071734
557,Normal,1.1666666666666667,10000,0.5,0.05,0.863366850664719,0.8426458431531514,0.8840878581762865,0.5975520846616942
558,Normal,1.1666666666666667,10000,0.5,0.05,0.8444132618452685,0.8238728122464513,0.8649537114440858,0.5909609105146677
559,Normal,1.1666666666666667,10000,0.5,0.05,0.8758022224828176,0.8553340477071936,0.8962703972584416,0.6102130810825026
560,Normal,1.1666666666666667,10000,0.5,0.05,0.8519023797551379,0.8300880267399403,0.8737167327703356,0.5657636608519053
561,Normal,1.1666666666666667,10000,0.5,0.05,0.858379305258437,0.8377459150428734,0.8790126954740005,0.5969641342430789
562,Normal,1.1666666666666667,10000,0.5,0.05,0.8543746544022088,0.8336428836496477,0.87510642515477,0.5920405224556753
563,Normal,1.1666666666666667,10000,0.5,0.05,0.8739889061159474,0.8532969143537931,0.8946808978781017,0.6043025979946135
564,Normal,1.1666666666666667,10000,0.5,0.05,0.8630182173252459,0.8424136388280486,0.8836227958224431,0.5999051130524871
565,Normal,1.1666666666666667,10000,0.5,0.05,0.8672612305484625,0.8463023192968365,0.8882201418000885,0.5942215994823252
566,Normal,1.1666666666666667,10000,0.5,0.05,0.8489606296338716,0.8285256630570969,0.8693955962106464,0.5959830609403587
567,Normal,1.1666666666666667,10000,0.5,0.05,0.8592628000333633,0.8382688101872703,0.8802567898794563,0.588828488386783
568,Normal,1.1666666666666667,10000,0.5,0.05,0.8548697392501106,0.8339735094864887,0.8757659690137324,0.5886065738555327
569,Normal,1.1666666666666667,10000,0.5,0.05,0.8679537044218446,0.8466838043622328,0.8892236044814564,0.5872705215745553
570,Normal,1.1666666666666667,10000,0.5,0.05,0.8702657552512221,0.8489025879944933,0.8916289225079509,0.5864928020049069
571,Normal,1.1666666666666667,10000,0.5,0.05,0.8643460693491521,0.8438507440069657,0.8848413946913386,0.6036703615255996
572,Normal,1.1666666666666667,10000,0.5,0.05,0.8838093392457427,0.8629284885089701,0.9046901899825153,0.6051942370477851
573,Normal,1.1666666666666667,10000,0.5,0.05,0.8598523821819748,0.8392166009515698,0.8804881634123798,0.5972514849556168
574,Normal,1.1666666666666667,10000,0.5,0.05,0.8556161817613798,0.8348071443781235,0.876425219144636,0.5913749927332689
575,Normal,1.1666666666666667,10000,0.5,0.05,0.8863068186259474,0.8654854776172403,0.9071281596346545,0.6076909977858367
576,Normal,1.1666666666666667,10000,0.5,0.05,0.8584990896371223,0.8372823728013498,0.8797158064728948,0.5831145906524842
577,Normal,1.1666666666666667,10000,0.5,0.05,0.8695116016164485,0.8483946154963492,0.8906285877365477,0.5918994049331753
578,Normal,1.1666666666666667,10000,0.5,0.05,0.8722794123952523,0.8516357337003017,0.892923091090203,0.6039518823785821
579,Normal,1.1666666666666667,10000,0.5,0.05,0.8493278206513593,0.8285519151874194,0.8701037261152991,0.5880917936133272
580,Normal,1.1666666666666667,10000,0.5,0.05,0.8581067754347126,0.8369652189904325,0.8792483318789927,0.58494116915718
581,Normal,1.1666666666666667,10000,0.5,0.05,0.8722870182354527,0.8513199765238743,0.8932540599470312,0.5964971812906277
582,Normal,1.1666666666666667,10000,0.5,0.05,0.8571675691646328,0.8360893273857007,0.8782458109435648,0.5857574416213553
583,Normal,1.1666666666666667,10000,0.5,0.05,0.8815998580447393,0.8610654317664981,0.9021342843229805,0.6122894584580241
584,Normal,1.1666666666666667,10000,0.5,0.05,0.8671956610116196,0.8456397182105443,0.8887516038126949,0.5804085954418505
585,Normal,1.1666666666666667,10000,0.5,0.05,0.8604601230632148,0.839405255195116,0.8815149909313137,0.5882622195478722
586,Normal,1.1666666666666667,10000,0.5,0.05,0.8713712705946681,0.8510800286984039,0.8916625124909323,0.6119288756021763
587,Normal,1.1666666666666667,10000,0.5,0.05,0.8781158130131246,0.8577481874333849,0.8984834385928643,0.6135936959945485
588,Normal,1.1666666666666667,10000,0.5,0.05,0.8711203667952339,0.8504787102502414,0.8917620233402264,0.6037884918404552
589,Normal,1.1666666666666667,10000,0.5,0.05,0.8763112062878091,0.8553240666433723,0.8972983459322459,0.5988388114965435
590,Normal,1.1666666666666667,10000,0.5,0.05,0.870844105910213,0.8497172499225634,0.8919709618978626,0.5920371891393978
591,Normal,1.1666666666666667,10000,0.5,0.05,0.8330716623409293,0.8116644435735325,0.8544788811083261,0.564146485177162
592,Normal,1.1666666666666667,10000,0.5,0.05,0.8890527994556291,0.8685688166323032,0.909536782278955,0.6169675217555611
593,Normal,1.1666666666666667,10000,0.5,0.05,0.8620384596164192,0.8417715713742978,0.8823053478585406,0.6076408377255301
594,Normal,1.1666666666666667,10000,0.5,0.05,0.8594386030947867,0.8391720495793892,0.8797051566101842,0.6059948278735618
595,Normal,1.1666666666666667,10000,0.5,0.05,0.8650596619975771,0.8445402947211579,0.8855790292739963,0.6027051276810214
596,Normal,1.1666666666666667,10000,0.5,0.05,0.8542005980227374,0.8336282894798066,0.8747729065656682,0.5958276669967111
597,Normal,1.1666666666666667,10000,0.5,0.05,0.8627180899847582,0.8418145101993901,0.8836216697701262,0.5931779377005921
598,Normal,1.1666666666666667,10000,0.5,0.05,0.8857032126255883,0.8649890674396864,0.9064173578114901,0.6099840934756384
599,Normal,1.1666666666666667,10000,0.5,0.05,0.8494024661321925,0.8289546634953042,0.8698502687690808,0.5957170020257712
600,Normal,1.1666666666666667,100000,0.5,0.05,0.8652104749707537,0.8586586404219312,0.8717623095195761,0.598311034039339
601,Normal,1.1666666666666667,100000,0.5,0.05,0.8687875164667567,0.8622265971832982,0.8753484357502151,0.5996220892179779
602,Normal,1.1666666666666667,100000,0.5,0.05,0.8627435962164345,0.8560854537136334,0.8694017387192355,0.589185174624669
603,Normal,1.1666666666666667,100000,0.5,0.05,0.8639977195033719,0.8574339875779681,0.8705614514287757,0.5968333522561007
604,Normal,1.1666666666666667,100000,0.5,0.05,0.8654318898874251,0.8588667976762948,0.8719969820985555,0.5976439434671634
605,Normal,1.1666666666666667,100000,0.5,0.05,0.8615146662947453,0.8549498364722168,0.8680794961172738,0.5953615925562927
606,Normal,1.1666666666666667,100000,0.5,0.05,0.8580298760789766,0.8513969397734469,0.8646628123845064,0.588379683522843
607,Normal,1.1666666666666667,100000,0.5,0.05,0.8597549571832523,0.8531746963618915,0.8663352180046132,0.5932166569527259
608,Normal,1.1666666666666667,100000,0.5,0.05,0.8631783278005525,0.8565890836964054,0.8697675719046996,0.5945505705078696
609,Normal,1.1666666666666667,100000,0.5,0.05,0.8578884636875728,0.8512735500410631,0.8645033773340824,0.5896279633230874
610,Normal,1.1666666666666667,100000,0.5,0.05,0.8648543389476053,0.8582837979988961,0.8714248798963146,0.5968487446806356
611,Normal,1.1666666666666667,100000,0.5,0.05,0.8659544297994675,0.8593564656331164,0.8725523939658185,0.5954982285195733
612,Normal,1.1666666666666667,100000,0.5,0.05,0.8652405864987287,0.8586357565675161,0.8718454164299413,0.5945191236525889
613,Normal,1.1666666666666667,100000,0.5,0.05,0.8695730347879262,0.8629413054185464,0.8762047641573061,0.5949086238586511
614,Normal,1.1666666666666667,100000,0.5,0.05,0.8633256173552901,0.8566821856079802,0.8699690491026001,0.590646197981364
615,Normal,1.1666666666666667,100000,0.5,0.05,0.8638221705234521,0.8571725249301341,0.8704718161167702,0.5904291263571626
616,Normal,1.1666666666666667,100000,0.5,0.05,0.8614892009015485,0.8548703069151302,0.8681080948879667,0.5914110227948246
617,Normal,1.1666666666666667,100000,0.5,0.05,0.8633979224835855,0.8567826009651908,0.8700132440019802,0.5925959271290275
618,Normal,1.1666666666666667,100000,0.5,0.05,0.8635415654783518,0.8569157164614367,0.8701674144952669,0.5920479190150425
619,Normal,1.1666666666666667,100000,0.5,0.05,0.858315569090049,0.8517226051268432,0.8649085330532549,0.5916641495741153
620,Normal,1.1666666666666667,100000,0.5,0.05,0.8595708073860262,0.853004960948325,0.8661366538237274,0.5942195496527292
621,Normal,1.1666666666666667,100000,0.5,0.05,0.8655298019382105,0.8589865995308172,0.8720730043456038,0.5992874312388057
622,Normal,1.1666666666666667,100000,0.5,0.05,0.8619742354353086,0.8553188384047301,0.8686296324658871,0.5889906069523361
623,Normal,1.1666666666666667,100000,0.5,0.05,0.8697750110552835,0.8631367076357338,0.8764133144748333,0.5946448119798735
624,Normal,1.1666666666666667,100000,0.5,0.05,0.8663205984288673,0.8597821775517811,0.8728590193059536,0.5998953984916195
625,Normal,1.1666666666666667,100000,0.5,0.05,0.8648852649308125,0.8583087507548646,0.8714617791067605,0.5963911114775885
626,Normal,1.1666666666666667,100000,0.5,0.05,0.8598254234569058,0.8531924521802542,0.8664583947335575,0.5894269987551171
627,Normal,1.1666666666666667,100000,0.5,0.05,0.8654456197592211,0.8588164275877292,0.8720748119307129,0.5928303460708828
628,Normal,1.1666666666666667,100000,0.5,0.05,0.8588644723999117,0.8522660819339675,0.8654628628658559,0.5913605075821342
629,Normal,1.1666666666666667,100000,0.5,0.05,0.8679185656215047,0.8613798646481633,0.8744572665948461,0.6008391640403136
630,Normal,1.1666666666666667,100000,0.5,0.05,0.869836267173488,0.8631674667016584,0.8765050676453177,0.5924887268120924
631,Normal,1.1666666666666667,100000,0.5,0.05,0.8608651973664614,0.8542170010891866,0.8675133936437361,0.5887406702687243
632,Normal,1.1666666666666667,100000,0.5,0.05,0.8583883361640581,0.8518270359007705,0.8649496364273457,0.5938306657887102
633,Normal,1.1666666666666667,100000,0.5,0.05,0.8597605324338442,0.8531557297916512,0.8663653350760372,0.5914057891324465
634,Normal,1.1666666666666667,100000,0.5,0.05,0.8636541872803338,0.857079209042165,0.8702291655185027,0.595737360995001
635,Normal,1.1666666666666667,100000,0.5,0.05,0.8599304542560766,0.8533029954057305,0.8665579131064227,0.5898884464315691
636,Normal,1.1666666666666667,100000,0.5,0.05,0.8633305165454868,0.8567518312429729,0.8699092018480006,0.5953334486545285
637,Normal,1.1666666666666667,100000,0.5,0.05,0.8625479440348567,0.8559549983708163,0.869140889698897,0.5938845197300933
638,Normal,1.1666666666666667,100000,0.5,0.05,0.8589532623506191,0.8523461447917067,0.8655603799095315,0.5908898224888004
639,Normal,1.1666666666666667,100000,0.5,0.05,0.8607885608736048,0.8541997765350627,0.8673773452121468,0.5931234823801286
640,Normal,1.1666666666666667,100000,0.5,0.05,0.8672439611251601,0.8607050087236878,0.8737829135266324,0.600405002530929
641,Normal,1.1666666666666667,100000,0.5,0.05,0.8662598843717593,0.8596196916930329,0.8729000770504857,0.5925160811574217
642,Normal,1.1666666666666667,100000,0.5,0.05,0.8646083879856192,0.8579501939890152,0.8712665819822233,0.590253140115392
643,Normal,1.1666666666666667,100000,0.5,0.05,0.8586793769711125,0.8520403478397165,0.8653184061025085,0.5884038176327535
644,Normal,1.1666666666666667,100000,0.5,0.05,0.863081300474887,0.8564851589509355,0.8696774419988385,0.5939167510195763
645,Normal,1.1666666666666667,100000,0.5,0.05,0.866518329721842,0.8598893571898243,0.8731473022538596,0.5934388420036594
646,Normal,1.1666666666666667,100000,0.5,0.05,0.8604151070136563,0.8537930047812319,0.8670372092460807,0.590466085011772
647,Normal,1.1666666666666667,100000,0.5,0.05,0.8597687681410111,0.8531919935201867,0.8663455427618355,0.5935445300570877
648,Normal,1.1666666666666667,100000,0.5,0.05,0.8663178224688295,0.8597480619029493,0.8728875830347097,0.5977139047453075
649,Normal,1.1666666666666667,100000,0.5,0.05,0.8646468273242185,0.8580316305370616,0.8712620241113754,0.5934905687268317
650,Normal,1.1666666666666667,1000000,0.5,0.05,0.8637969426341314,0.86171006613482,0.8658838191334428,0.5940724997589217
651,Normal,1.1666666666666667,1000000,0.5,0.05,0.8628800448509626,0.8607912164632036,0.8649688732387216,0.5931256610445013
652,Normal,1.1666666666666667,1000000,0.5,0.05,0.8634341170435835,0.8613486127407575,0.8655196213464096,0.5942106959860884
653,Normal,1.1666666666666667,1000000,0.5,0.05,0.8630456168424026,0.8609566801158413,0.8651345535689638,0.5931782056492207
654,Normal,1.1666666666666667,1000000,0.5,0.05,0.8647479965069458,0.8626628297131794,0.8668331633007121,0.5950496323030561
655,Normal,1.1666666666666667,1000000,0.5,0.05,0.8627592614347144,0.8606741529025713,0.8648443699668574,0.5938983036803729
656,Normal,1.1666666666666667,1000000,0.5,0.05,0.8618186731942483,0.859733373725041,0.8639039726634556,0.5933519862048713
657,Normal,1.1666666666666667,1000000,0.5,0.05,0.8621841361333651,0.8600940618441859,0.8642742104225443,0.5924353834435738
658,Normal,1.1666666666666667,1000000,0.5,0.05,0.8616724037018759,0.8595864024566031,0.8637584049471487,0.5931189492520574
659,Normal,1.1666666666666667,1000000,0.5,0.05,0.8622835499959205,0.8602010372573452,0.8643660627344958,0.5942357800487672
660,Normal,1.1666666666666667,1000000,0.5,0.05,0.8635707143150171,0.8614863080823507,0.8656551205476835,0.5945237686796467
661,Normal,1.1666666666666667,1000000,0.5,0.05,0.8624145058532253,0.8603319736953792,0.8644970380110715,0.5943173814593045
662,Normal,1.1666666666666667,1000000,0.5,0.05,0.8615768681074893,0.8594902526778798,0.8636634835370989,0.5928948814129198
663,Normal,1.1666666666666667,1000000,0.5,0.05,0.8636189600353692,0.8615297476603698,0.8657081724103686,0.59347955120131
664,Normal,1.1666666666666667,1000000,0.5,0.05,0.8633431433883345,0.8612593701470919,0.8654269166295772,0.5945887022598193
665,Normal,1.1666666666666667,1000000,0.5,0.05,0.863485289338513,0.8613970915964104,0.8655734870806155,0.5935764809280568
666,Normal,1.1666666666666667,1000000,0.5,0.05,0.863753659073474,0.8616678125818064,0.8658395055651417,0.5942740880661682
667,Normal,1.1666666666666667,1000000,0.5,0.05,0.8664599951998984,0.8643688351279983,0.8685511552717984,0.594588433167029
668,Normal,1.1666666666666667,1000000,0.5,0.05,0.8625818170497119,0.8604906395437274,0.8646729945556965,0.5924123708700857
669,Normal,1.1666666666666667,1000000,0.5,0.05,0.8633071306593845,0.8612201666573996,0.8653940946613693,0.5937808251982408
670,Normal,1.1666666666666667,1000000,0.5,0.05,0.8636332318839166,0.8615438095738583,0.8657226541939749,0.5934390404687635
671,Normal,1.1666666666666667,1000000,0.5,0.05,0.8631297269620344,0.8610473044866948,0.865212149437374,0.5946915359799994
672,Normal,1.1666666666666667,1000000,0.5,0.05,0.862875963401347,0.8607904620526268,0.8649614647500672,0.5938732179523896
673,Normal,1.1666666666666667,1000000,0.5,0.05,0.8623825646687902,0.8602904116282014,0.8644747177093789,0.592088423076613
674,Normal,1.1666666666666667,1000000,0.5,0.05,0.8633228561538964,0.8612340030839951,0.8654117092237976,0.5933214191131368
675,Normal,1.1666666666666667,1000000,0.5,0.05,0.8636230497029231,0.8615428797222573,0.865703219683589,0.59552647919045
676,Normal,1.1666666666666667,1000000,0.5,0.05,0.8637122961913004,0.8616287725045952,0.8657958198780056,0.5948155300691467
677,Normal,1.1666666666666667,1000000,0.5,0.05,0.8630897670592184,0.861000303100735,0.8651792310177017,0.5931073899275187
678,Normal,1.1666666666666667,1000000,0.5,0.05,0.862237393995926,0.8601445337631893,0.8643302542286627,0.5918234168482767
679,Normal,1.1666666666666667,1000000,0.5,0.05,0.8621842921321701,0.8600940110579183,0.8642745732064219,0.5923828622343428
680,Normal,1.1666666666666667,1000000,0.5,0.05,0.8641680083479226,0.8620857375840095,0.8662502791118357,0.5953896208323011
681,Normal,1.1666666666666667,1000000,0.5,0.05,0.8644747653790255,0.8623886786944208,0.8665608520636301,0.5946595251567326
682,Normal,1.1666666666666667,1000000,0.5,0.05,0.8652967589032663,0.8632047017750316,0.867388816031501,0.5937363923978405
683,Normal,1.1666666666666667,1000000,0.5,0.05,0.8634828487561368,0.8613900752013351,0.8655756223109384,0.5925706589065651
684,Normal,1.1666666666666667,1000000,0.5,0.05,0.861724527509292,0.8596378282265374,0.8638112267920465,0.5929582071284796
685,Normal,1.1666666666666667,1000000,0.5,0.05,0.8610669447831967,0.8589778280543335,0.8631560615120598,0.5920288571052525
686,Normal,1.1666666666666667,1000000,0.5,0.05,0.862979853181912,0.8608986601793883,0.8650610461844356,0.5949562728804416
687,Normal,1.1666666666666667,1000000,0.5,0.05,0.862779370074648,0.8606896842397104,0.8648690559095856,0.5928873380660933
688,Normal,1.1666666666666667,1000000,0.5,0.05,0.8636215590108591,0.8615355911981201,0.8657075268235982,0.5941942644807132
689,Normal,1.1666666666666667,1000000,0.5,0.05,0.8620976361081549,0.8600132703770416,0.8641820018392683,0.593731751024721
690,Normal,1.1666666666666667,1000000,0.5,0.05,0.8639609195966198,0.8618786739095802,0.8660431652836594,0.5952638716620724
691,Normal,1.1666666666666667,1000000,0.5,0.05,0.8643103712697524,0.8622172327197176,0.8664035098197872,0.5929204794744263
692,Normal,1.1666666666666667,1000000,0.5,0.05,0.8639182490970967,0.8618301154911583,0.8660063827030351,0.5938964269861345
693,Normal,1.1666666666666667,1000000,0.5,0.05,0.8640212926474611,0.8619350868901893,0.8661074984047329,0.5943983328005971
694,Normal,1.1666666666666667,1000000,0.5,0.05,0.863392945569462,0.8613030875587532,0.8654828035801708,0.593165493800763
695,Normal,1.1666666666666667,1000000,0.5,0.05,0.8613043115406853,0.8592158430330442,0.8633927800483264,0.5923312130325975
696,Normal,1.1666666666666667,1000000,0.5,0.05,0.8616330769977374,0.8595435018939972,0.8637226521014776,0.592225324923138
697,Normal,1.1666666666666667,1000000,0.5,0.05,0.86301907976822,0.8609371504531836,0.8651010090832564,0.5948280528179613
698,Normal,1.1666666666666667,1000000,0.5,0.05,0.8645734360398389,0.8624867170987247,0.8666601549809532,0.5945470128233785
699,Normal,1.1666666666666667,1000000,0.5,0.05,0.8630781634277689,0.8609922321148588,0.865164094740679,0.5938894822435292
700,Normal,1.1666666666666667,10000000,0.5,0.05,0.8636732500660482,0.8630135146626766,0.8643329854694198,0.5941661494515318
701,Normal,1.1666666666666667,10000000,0.5,0.05,0.8631942476266321,0.8625346716011637,0.8638538236521005,0.5940112008097304
702,Normal,1.1666666666666667,10000000,0.5,0.05,0.8627737655129497,0.8621136437449332,0.8634338872809663,0.5933635984631104
703,Normal,1.1666666666666667,10000000,0.5,0.05,0.8634432557039204,0.8627835448297811,0.8641029665780597,0.5940476955150714
704,Normal,1.1666666666666667,10000000,0.5,0.05,0.8635860707253133,0.8629262544477377,0.864245887002889,0.5940588298644587
705,Normal,1.1666666666666667,10000000,0.5,0.05,0.8630214507216039,0.8623615377340091,0.8636813637091986,0.5936659941022943
706,Normal,1.1666666666666667,10000000,0.5,0.05,0.8632652000106962,0.8626053351374946,0.8639250648838978,0.5938210445566916
707,Normal,1.1666666666666667,10000000,0.5,0.05,0.8627045512171438,0.8620442296886359,0.8633648727456518,0.5931960348142582
708,Normal,1.1666666666666667,10000000,0.5,0.05,0.8631709415664517,0.8625116624932605,0.8638302206396429,0.5942180420240761
709,Normal,1.1666666666666667,10000000,0.5,0.05,0.8630077411853758,0.8623482651234288,0.8636672172473229,0.5939770239192106
710,Normal,1.1666666666666667,10000000,0.5,0.05,0.8632484192708301,0.8625887163328695,0.8639081222087907,0.5939515662528686
711,Normal,1.1666666666666667,10000000,0.5,0.05,0.862888337390455,0.8622287329758748,0.8635479418050352,0.5938159779818035
712,Normal,1.1666666666666667,10000000,0.5,0.05,0.8628758603137747,0.8622160784547396,0.8635356421728099,0.5936901297332879
713,Normal,1.1666666666666667,10000000,0.5,0.05,0.8629056922687948,0.8622460119359668,0.8635653726016227,0.5937698383774304
714,Normal,1.1666666666666667,10000000,0.5,0.05,0.8630792188367327,0.8624195526706032,0.8637388850028621,0.5938748356766477
715,Normal,1.1666666666666667,10000000,0.5,0.05,0.862117369437966,0.8614573900688411,0.8627773488070909,0.5931050740645958
716,Normal,1.1666666666666667,10000000,0.5,0.05,0.8629908584112762,0.8623304482966981,0.8636512685258543,0.5932918080233837
717,Normal,1.1666666666666667,10000000,0.5,0.05,0.8632276981061242,0.8625680052515706,0.8638873909606778,0.593938993975691
718,Normal,1.1666666666666667,10000000,0.5,0.05,0.8635647438547558,0.8629047988996796,0.8642246888098319,0.5939492172057508
719,Normal,1.1666666666666667,10000000,0.5,0.05,0.8631239578334551,0.8624637741587707,0.8637841415081394,0.5935285440347228
720,Normal,1.1666666666666667,10000000,0.5,0.05,0.8629511033636099,0.8622911128998352,0.8636110938273847,0.5935778033238153
721,Normal,1.1666666666666667,10000000,0.5,0.05,0.8629212538767277,0.8622616259008339,0.8635808818526215,0.5938090493850242
722,Normal,1.1666666666666667,10000000,0.5,0.05,0.8637911539848666,0.8631309989108847,0.8644513090588485,0.5939178761439952
723,Normal,1.1666666666666667,10000000,0.5,0.05,0.863253676748819,0.8625935434582714,0.8639138100393666,0.5936269851519522
724,Normal,1.1666666666666667,10000000,0.5,0.05,0.8630489461429356,0.8623889272482907,0.8637089650375804,0.5936113990151317
725,Normal,1.1666666666666667,10000000,0.5,0.05,0.8635279220366847,0.8628681492962454,0.864187694777124,0.5940617717331471
726,Normal,1.1666666666666667,10000000,0.5,0.05,0.8632235422738326,0.8625633157496845,0.8638837687979807,0.5935428084462497
727,Normal,1.1666666666666667,10000000,0.5,0.05,0.8636814723189001,0.8630220043210539,0.8643409403167464,0.5943776579845076
728,Normal,1.1666666666666667,10000000,0.5,0.05,0.8631630133544714,0.8625041080542686,0.8638219186546743,0.5944844403665211
729,Normal,1.1666666666666667,10000000,0.5,0.05,0.8629488690210874,0.8622889183528061,0.8636088196893686,0.5935928792438405
730,Normal,1.1666666666666667,10000000,0.5,0.05,0.8632238111929382,0.8625635241177741,0.8638840982681023,0.5935031617128913
731,Normal,1.1666666666666667,10000000,0.5,0.05,0.8629510738249628,0.862291758933798,0.8636103887161277,0.5940488705310236
732,Normal,1.1666666666666667,10000000,0.5,0.05,0.8627612770094686,0.8621016741453623,0.8634208798735749,0.5937356121407953
733,Normal,1.1666666666666667,10000000,0.5,0.05,0.8628868341229445,0.8622267222721705,0.8635469459737186,0.5934428289429159
734,Normal,1.1666666666666667,10000000,0.5,0.05,0.8632809837820439,0.862620702026404,0.8639412655376838,0.5935478035916271
735,Normal,1.1666666666666667,10000000,0.5,0.05,0.8628732433013084,0.8622129967801783,0.8635334898224386,0.5933303526391028
736,Normal,1.1666666666666667,10000000,0.5,0.05,0.8634147946970785,0.8627550987305451,0.8640744906636119,0.5940408192460052
737,Normal,1.1666666666666667,10000000,0.5,0.05,0.8633712807229958,0.8627113684565387,0.864031192989453,0.5938606370868977
738,Normal,1.1666666666666667,10000000,0.5,0.05,0.8629968628766065,0.8623371101595323,0.8636566155936807,0.5937708785319669
739,Normal,1.1666666666666667,10000000,0.5,0.05,0.8638091371391692,0.8631490891524624,0.864469185125876,0.5940024134997222
740,Normal,1.1666666666666667,10000000,0.5,0.05,0.8626728079017045,0.8620133744398911,0.8633322413635179,0.5938140762776929
741,Normal,1.1666666666666667,10000000,0.5,0.05,0.8633834808403389,0.8627238119290551,0.8640431497516227,0.5940350099579346
742,Normal,1.1666666666666667,10000000,0.5,0.05,0.8627974737928348,0.8621378303794821,0.8634571172061875,0.5937369231938583
743,Normal,1.1666666666666667,10000000,0.5,0.05,0.8633861710753905,0.8627266804128672,0.8640456617379139,0.594184276706735
744,Normal,1.1666666666666667,10000000,0.5,0.05,0.8634281725080601,0.8627683765302421,0.8640879684858782,0.5939800567985862
745,Normal,1.1666666666666667,10000000,0.5,0.05,0.8630112839315043,0.8623518309784557,0.8636707368845529,0.593999767187009
746,Normal,1.1666666666666667,10000000,0.5,0.05,0.8628428457925068,0.8621830027371294,0.8635026888478842,0.5936122241929909
747,Normal,1.1666666666666667,10000000,0.5,0.05,0.8636823986641637,0.8630231418514602,0.8643416554768673,0.5945182896515273
748,Normal,1.1666666666666667,10000000,0.5,0.05,0.8631366604402064,0.8624767279674693,0.8637965929129435,0.5937273068567829
749,Normal,1.1666666666666667,10000000,0.5,0.05,0.8639034683126745,0.8632434295858644,0.8645635070394846,0.5940770243866905
750,Normal,1.1666666666666667,100000000,0.5,0.05,0.8629143888574831,0.8627057227040342,0.8631230550109319,0.5936407663096506
751,Normal,1.1666666666666667,100000000,0.5,0.05,0.8630970625291177,0.8628884120713618,0.8633057129868735,0.593781282266683
752,Normal,1.1666666666666667,100000000,0.5,0.05,0.8631115025038305,0.8629027614314336,0.8633202435762274,0.5935821841514767
753,Normal,1.1666666666666667,100000000,0.5,0.05,0.863003788839114,0.862795111005354,0.863212466672874,0.5936670251562961
754,Normal,1.1666666666666667,100000000,0.5,0.05,0.8631004745490962,0.8628917901736798,0.8633091589245127,0.5937076600705485
755,Normal,1.1666666666666667,100000000,0.5,0.05,0.863107312371131,0.8628986437982202,0.8633159809440418,0.5937452366300358
756,Normal,1.1666666666666667,100000000,0.5,0.05,0.8629821244877132,0.8627734381587304,0.8631908108166959,0.5936350211174113
757,Normal,1.1666666666666667,100000000,0.5,0.05,0.8631159999344717,0.8629072977502408,0.8633247021187027,0.5936756409333435
758,Normal,1.1666666666666667,100000000,0.5,0.05,0.8630168260654063,0.8628081808382546,0.863225471292558,0.5937493850692541
759,Normal,1.1666666666666667,100000000,0.5,0.05,0.8629673063350811,0.8627586877212281,0.8631759249489341,0.5937837181826344
760,Normal,1.1666666666666667,100000000,0.5,0.05,0.8629964678807003,0.8627877737509076,0.8632051620104929,0.5936244743741973
761,Normal,1.1666666666666667,100000000,0.5,0.05,0.8630903892960866,0.8628817560114004,0.8632990225807728,0.5938170171386743
762,Normal,1.1666666666666667,100000000,0.5,0.05,0.8629751027964936,0.862766414250742,0.8631837913422452,0.5936245542947147
763,Normal,1.1666666666666667,100000000,0.5,0.05,0.863088789580349,0.8628801279035231,0.8632974512571748,0.5937550000228854
764,Normal,1.1666666666666667,100000000,0.5,0.05,0.8631400432578165,0.862931324613587,0.8633487619020459,0.5936479253099287
765,Normal,1.1666666666666667,100000000,0.5,0.05,0.863233211911627,0.863024568973709,0.863441854849545,0.5938761839619854
766,Normal,1.1666666666666667,100000000,0.5,0.05,0.8629092221991499,0.8627005718774247,0.8631178725208751,0.5936807811806932
767,Normal,1.1666666666666667,100000000,0.5,0.05,0.8632282961064419,0.8630196274964804,0.8634369647164034,0.5938122037042599
768,Normal,1.1666666666666667,100000000,0.5,0.05,0.8631520020444423,0.862943356755806,0.8633606473330786,0.5938260633079413
769,Normal,1.1666666666666667,100000000,0.5,0.05,0.8632150581153848,0.8630063823426791,0.8634237338880905,0.5937873299220486
770,Normal,1.1666666666666667,100000000,0.5,0.05,0.8631017955729838,0.8628930367189392,0.8633105544270284,0.5935365702831639
771,Normal,1.1666666666666667,100000000,0.5,0.05,0.8628449414833419,0.8626362819019316,0.8630536010647522,0.5936223405001407
772,Normal,1.1666666666666667,100000000,0.5,0.05,0.8629958191989893,0.8627871666036947,0.8632044717942838,0.5937203000557083
773,Normal,1.1666666666666667,100000000,0.5,0.05,0.8629681236853575,0.8627594752643147,0.8631767721064002,0.5937126022344591
774,Normal,1.1666666666666667,100000000,0.5,0.05,0.862977797368865,0.8627691535369708,0.8631864412007593,0.5937315231836395
775,Normal,1.1666666666666667,100000000,0.5,0.05,0.8628852906597135,0.8626766683955854,0.8630939129238416,0.5937283159168982
776,Normal,1.1666666666666667,100000000,0.5,0.05,0.8630902431947955,0.8628815833113289,0.8632989030782622,0.5937551633166973
777,Normal,1.1666666666666667,100000000,0.5,0.05,0.862980207063309,0.862771535685192,0.863188878441426,0.5936697113212602
778,Normal,1.1666666666666667,100000000,0.5,0.05,0.8629080034773864,0.8626993287108674,0.8631166782439054,0.5936183815735392
779,Normal,1.1666666666666667,100000000,0.5,0.05,0.8630232273431488,0.862814586700642,0.8632318679856557,0.5937664603650696
780,Normal,1.1666666666666667,100000000,0.5,0.05,0.8631122041565433,0.8629035130563139,0.8633208952567728,0.5936979620723095
781,Normal,1.1666666666666667,100000000,0.5,0.05,0.8632351938659557,0.863026499062095,0.8634438886698164,0.5937607198534298
782,Normal,1.1666666666666667,100000000,0.5,0.05,0.863085758559281,0.8628771187283572,0.8632943983902049,0.5937994378129468
783,Normal,1.1666666666666667,100000000,0.5,0.05,0.8632712155947573,0.8630626108204315,0.8634798203690831,0.5939875117325852
784,Normal,1.1666666666666667,100000000,0.5,0.05,0.8630935516189222,0.8628848534974392,0.8633022497404053,0.5936714763021397
785,Normal,1.1666666666666667,100000000,0.5,0.05,0.8631210156649853,0.8629123475229334,0.8633296838070372,0.5937553509455087
786,Normal,1.1666666666666667,100000000,0.5,0.05,0.8630921541539411,0.8628835347805764,0.8633007735273058,0.5938505879607954
787,Normal,1.1666666666666667,100000000,0.5,0.05,0.86300167736532,0.8627930855437999,0.8632102691868401,0.5938628226227993
788,Normal,1.1666666666666667,100000000,0.5,0.05,0.8630381173187676,0.8628294363592293,0.8632467982783059,0.5936783185547319
789,Normal,1.1666666666666667,100000000,0.5,0.05,0.8631360946134379,0.8629274608500339,0.8633447283768418,0.5938399530751095
790,Normal,1.1666666666666667,100000000,0.5,0.05,0.8631901915124018,0.862981548249361,0.8633988347754427,0.5938467200170394
791,Normal,1.1666666666666667,100000000,0.5,0.05,0.863208620275806,0.8629999628367072,0.8634172777149048,0.5938305788284635
792,Normal,1.1666666666666667,100000000,0.5,0.05,0.8631342710979943,0.8629255988053232,0.8633429433906655,0.5937541455697743
793,Normal,1.1666666666666667,100000000,0.5,0.05,0.8630529030066043,0.8628442303708729,0.8632615756423357,0.5937065626233948
794,Normal,1.1666666666666667,100000000,0.5,0.05,0.863224019022077,0.86301531653466,0.863432721509494,0.5937336399674062
795,Normal,1.1666666666666667,100000000,0.5,0.05,0.8632221373634827,0.8630134885917881,0.8634307861351774,0.5938570765739025
796,Normal,1.1666666666666667,100000000,0.5,0.05,0.8631681638585977,0.8629595149977946,0.8633768127194009,0.5938257372138191
797,Normal,1.1666666666666667,100000000,0.5,0.05,0.8631286833300216,0.8629199946809974,0.8633373719790457,0.5937121905655094
798,Normal,1.1666666666666667,100000000,0.5,0.05,0.8630929592432377,0.8628842964367779,0.8633016220496975,0.593750229285696
799,Normal,1.1666666666666667,100000000,0.5,0.05,0.8631506643268025,0.8629420314677013,0.8633592971859038,0.593852905846106
